row_id,image,prob_edge,N_cand,label
r00000,17,0.1423,5,1
r00001,217,0.3775,11,0
r00002,217,0.4562,11,1
r00003,217,0.1767,11,1
r00004,333,0.1427,13,0
r00005,333,0.9717,13,0
r00006,333,0.1427,13,0
r00007,333,0.9717,13,0
r00008,402,0.5308,3,0
r00009,402,0.8179,3,1
r00010,555,0.9791,7,1
r00011,579,0.1463,10,1
r00012,579,0.1476,10,0
r00013,579,0.8062,10,1
r00014,579,0.1421,10,0
r00015,579,0.1491,10,0
r00016,586,0.1444,15,0
r00017,586,0.5242,15,0
r00018,586,0.4327,15,1
r00019,586,0.2587,15,1
r00020,587,0.1523,19,0
r00021,587,0.1454,19,1
r00022,587,0.1503,19,0
r00023,587,0.1427,19,1
r00024,588,0.3735,12,1
r00025,588,0.1498,12,0
r00026,588,0.2334,12,0
r00027,588,0.1827,12,1
r00028,588,0.4343,12,0
r00029,588,0.2876,12,0
r00030,591,0.6008,20,1
r00031,591,0.674,20,0
r00032,591,0.2101,20,0
r00033,591,0.3278,20,0
r00034,591,0.233,20,0
r00035,591,0.1484,20,0
r00036,612,0.1608,5,1
r00037,612,0.7562,5,1
r00038,613,0.1426,10,1
r00039,613,0.2335,10,1
r00040,613,0.9549,10,1
r00041,665,0.1584,10,1
r00042,695,0.3265,9,0
r00043,695,0.1513,9,1
r00044,708,0.1805,5,1
r00045,716,0.1571,7,0
r00046,716,0.2761,7,0
r00047,718,0.2462,6,0
r00048,745,0.1432,12,1
r00049,745,0.1798,12,0
r00050,745,0.1457,12,0
r00051,745,0.1543,12,0
r00052,766,0.1474,10,0
r00053,766,0.2212,10,1
r00054,766,0.2272,10,0
r00055,766,0.3079,10,1
r00056,767,0.1545,14,1
r00057,767,0.1743,14,1
r00058,767,0.1476,14,0
r00059,767,0.6498,14,0
r00060,767,0.8129,14,0
r00061,767,0.1736,14,0
r00062,767,0.3238,14,1
r00063,769,0.7771,10,1
r00064,769,0.9991,10,1
r00065,769,0.5661,10,1
r00066,810,0.9914,11,0
r00067,810,0.1648,11,0
r00068,810,0.4734,11,1
r00069,810,0.1732,11,0
r00070,810,0.944,11,0
r00071,810,0.2179,11,1
r00072,832,0.1483,19,1
r00073,832,0.1577,19,0
r00074,832,0.1775,19,0
r00075,832,0.1497,19,0
r00076,832,0.5156,19,0
r00077,832,0.1475,19,0
r00078,832,0.582,19,0
r00079,953,0.1991,5,1
r00080,953,0.1462,5,0
r00081,953,0.1439,5,0
r00082,1020,0.1555,8,1
r00083,1023,0.2656,5,0
r00084,1060,0.1969,11,0
r00085,1060,0.1761,11,0
r00086,1060,0.1713,11,0
r00087,1060,0.2152,11,1
r00088,1060,0.1975,11,0
r00089,1060,0.1544,11,0
r00090,1060,0.7546,11,1
r00091,1060,0.1969,11,0
r00092,1060,0.1761,11,0
r00093,1060,0.1713,11,0
r00094,1060,0.2152,11,0
r00095,1060,0.1975,11,0
r00096,1060,0.1544,11,0
r00097,1060,0.7546,11,0
r00098,1154,0.2598,11,0
r00099,1154,0.2552,11,0
r00100,1154,0.2508,11,0
r00101,1154,0.1731,11,0
r00102,1154,0.2063,11,0
r00103,1155,0.255,12,0
r00104,1155,0.239,12,0
r00105,1155,0.1424,12,0
r00106,1155,0.1451,12,1
r00107,1155,0.1448,12,1
r00108,1198,0.1538,7,0
r00109,1198,0.1567,7,0
r00110,1204,0.3164,11,1
r00111,1204,0.265,11,1
r00112,1204,0.1802,11,0
r00113,1220,0.9773,5,1
r00114,1262,0.1714,15,0
r00115,1262,0.1801,15,0
r00116,1314,0.7596,10,0
r00117,1314,0.8387,10,1
r00118,1315,0.1518,21,0
r00119,1315,0.2069,21,1
r00120,1315,0.1437,21,0
r00121,1315,0.8809,21,0
r00122,1355,0.2352,8,0
r00123,1570,0.1524,4,1
r00124,1570,0.1522,4,0
r00125,1653,0.2168,15,1
r00126,1653,0.1505,15,0
r00127,1653,0.4399,15,0
r00128,1653,0.1597,15,0
r00129,1679,0.1513,10,0
r00130,1679,0.2078,10,1
r00131,1698,0.1713,13,0
r00132,1698,0.1527,13,0
r00133,1698,0.3737,13,0
r00134,1698,0.1535,13,1
r00135,1698,0.1426,13,0
r00136,1749,0.5381,7,1
r00137,1749,0.2892,7,1
r00138,1814,0.2174,25,0
r00139,1814,0.1789,25,0
r00140,1814,0.2808,25,0
r00141,1814,0.3897,25,0
r00142,1814,0.8906,25,0
r00143,1814,0.8464,25,0
r00144,1814,0.1894,25,1
r00145,1814,0.4864,25,0
r00146,1814,0.179,25,0
r00147,1814,0.4544,25,0
r00148,1814,0.1706,25,0
r00149,1814,0.2174,25,1
r00150,1814,0.1789,25,1
r00151,1814,0.2808,25,0
r00152,1814,0.3897,25,0
r00153,1814,0.8906,25,1
r00154,1814,0.8464,25,0
r00155,1814,0.1894,25,0
r00156,1814,0.4864,25,0
r00157,1814,0.179,25,0
r00158,1814,0.4544,25,0
r00159,1814,0.1706,25,0
r00160,1925,0.1968,13,0
r00161,1925,0.3504,13,0
r00162,1925,0.4786,13,0
r00163,1925,0.9955,13,1
r00164,1925,0.1576,13,1
r00165,1925,0.9733,13,1
r00166,1925,0.392,13,0
r00167,1935,0.3872,12,1
r00168,1935,0.1443,12,0
r00169,1935,0.3401,12,0
r00170,1963,0.146,13,0
r00171,1963,0.2443,13,0
r00172,1963,0.4731,13,0
r00173,1963,0.4516,13,1
r00174,1963,0.1446,13,0
r00175,1994,0.6941,10,1
r00176,1994,0.1437,10,0
r00177,1997,0.2454,20,0
r00178,1997,0.3856,20,0
r00179,1997,0.2827,20,0
r00180,1997,0.1516,20,1
r00181,1997,0.1422,20,0
r00182,1997,0.1422,20,0
r00183,1997,0.145,20,0
r00184,1997,0.2808,20,1
r00185,1998,0.1439,17,0
r00186,1998,0.999,17,0
r00187,1998,0.4744,17,0
r00188,1998,0.2957,17,1
r00189,1998,0.1475,17,0
r00190,1998,0.6599,17,0
r00191,1998,0.1763,17,0
r00192,1998,0.162,17,0
r00193,1998,0.2522,17,1
r00194,1998,0.1439,17,0
r00195,1998,0.999,17,1
r00196,1998,0.4744,17,0
r00197,1998,0.2957,17,0
r00198,1998,0.1475,17,1
r00199,1998,0.6599,17,1
r00200,1998,0.1763,17,0
r00201,1998,0.162,17,0
r00202,1998,0.2522,17,1
r00203,2004,0.5128,47,0
r00204,2004,0.9332,47,0
r00205,2004,0.2569,47,0
r00206,2004,0.1925,47,0
r00207,2004,0.2521,47,0
r00208,2004,0.2124,47,0
r00209,2004,0.1478,47,0
r00210,2004,0.142,47,0
r00211,2004,0.9641,47,0
r00212,2005,0.1915,24,0
r00213,2005,0.9243,24,0
r00214,2005,0.1789,24,0
r00215,2005,0.155,24,0
r00216,2005,0.1512,24,0
r00217,2005,0.1456,24,0
r00218,2005,0.1638,24,0
r00219,2005,0.2106,24,0
r00220,2005,0.245,24,0
r00221,2005,0.1423,24,0
r00222,2005,0.1471,24,1
r00223,2005,0.2554,24,1
r00224,2005,0.9494,24,1
r00225,2005,0.2436,24,0
r00226,2005,0.1433,24,0
r00227,2076,0.5995,19,0
r00228,2076,0.321,19,0
r00229,2076,0.1559,19,0
r00230,2076,0.3581,19,0
r00231,2076,0.5995,19,0
r00232,2076,0.321,19,0
r00233,2076,0.1559,19,1
r00234,2076,0.3581,19,0
r00235,2079,0.1533,31,0
r00236,2079,0.1649,31,0
r00237,2079,0.2609,31,0
r00238,2079,0.264,31,0
r00239,2079,0.1514,31,0
r00240,2079,0.1563,31,1
r00241,2079,0.1523,31,0
r00242,2079,0.1423,31,1
r00243,2079,0.1533,31,0
r00244,2079,0.1649,31,0
r00245,2079,0.2609,31,0
r00246,2079,0.264,31,0
r00247,2079,0.1514,31,0
r00248,2079,0.1563,31,1
r00249,2079,0.1523,31,0
r00250,2079,0.1423,31,1
r00251,2079,0.1533,31,0
r00252,2079,0.1649,31,0
r00253,2079,0.2609,31,0
r00254,2079,0.264,31,0
r00255,2079,0.1514,31,0
r00256,2079,0.1563,31,0
r00257,2079,0.1523,31,0
r00258,2079,0.1423,31,0
r00259,2107,0.1628,7,0
r00260,2107,0.9942,7,0
r00261,2148,0.1473,16,1
r00262,2148,0.1957,16,0
r00263,2165,0.1848,18,0
r00264,2165,0.1449,18,0
r00265,2165,0.1576,18,0
r00266,2165,0.9106,18,0
r00267,2165,0.2675,18,0
r00268,2165,0.2342,18,0
r00269,2165,0.1864,18,0
r00270,2165,0.2927,18,0
r00271,2165,0.1581,18,0
r00272,2165,0.1497,18,0
r00273,2165,0.2149,18,1
r00274,2165,0.1848,18,0
r00275,2165,0.1449,18,0
r00276,2165,0.1576,18,0
r00277,2165,0.9106,18,0
r00278,2165,0.2675,18,1
r00279,2165,0.2342,18,0
r00280,2165,0.1864,18,0
r00281,2165,0.2927,18,0
r00282,2165,0.1581,18,1
r00283,2165,0.1497,18,1
r00284,2165,0.2149,18,0
r00285,2165,0.1848,18,0
r00286,2165,0.1449,18,0
r00287,2165,0.1576,18,0
r00288,2165,0.9106,18,0
r00289,2165,0.2675,18,1
r00290,2165,0.2342,18,0
r00291,2165,0.1864,18,0
r00292,2165,0.2927,18,1
r00293,2165,0.1581,18,0
r00294,2165,0.1497,18,0
r00295,2165,0.2149,18,0
r00296,2173,0.1656,6,1
r00297,2206,0.1469,9,0
r00298,2206,0.1432,9,0
r00299,2206,0.1483,9,1
r00300,2206,0.8392,9,1
r00301,2217,0.1674,11,0
r00302,2217,0.1511,11,0
r00303,2217,0.2894,11,0
r00304,2217,0.152,11,0
r00305,2217,0.6241,11,1
r00306,2220,0.1529,17,1
r00307,2220,0.1429,17,0
r00308,2220,0.1425,17,0
r00309,2220,0.1428,17,0
r00310,2220,0.1427,17,1
r00311,2220,0.143,17,0
r00312,2220,0.1483,17,0
r00313,2220,0.3403,17,0
r00314,2220,0.1502,17,0
r00315,2220,0.1689,17,0
r00316,2220,0.1506,17,1
r00317,2221,0.1429,16,0
r00318,2221,0.148,16,0
r00319,2221,0.1492,16,1
r00320,2221,0.1448,16,0
r00321,2221,0.7175,16,0
r00322,2221,0.1435,16,0
r00323,2221,0.1429,16,0
r00324,2221,0.148,16,0
r00325,2221,0.1492,16,0
r00326,2221,0.1448,16,0
r00327,2221,0.7175,16,0
r00328,2221,0.1435,16,0
r00329,2281,0.1422,18,0
r00330,2281,0.3169,18,0
r00331,2281,0.1724,18,0
r00332,2281,0.2205,18,0
r00333,2281,0.1421,18,0
r00334,2281,0.3877,18,1
r00335,2281,0.1909,18,1
r00336,2281,0.1652,18,0
r00337,2281,0.1746,18,1
r00338,2281,0.1422,18,0
r00339,2281,0.3169,18,0
r00340,2281,0.1724,18,0
r00341,2281,0.2205,18,0
r00342,2281,0.1421,18,0
r00343,2281,0.3877,18,0
r00344,2281,0.1909,18,0
r00345,2281,0.1652,18,1
r00346,2281,0.1746,18,1
r00347,2282,0.1601,18,0
r00348,2282,0.1879,18,1
r00349,2282,0.205,18,1
r00350,2282,0.5578,18,0
r00351,2282,0.2407,18,1
r00352,2427,0.1852,8,0
r00353,2427,0.1457,8,0
r00354,2427,0.1828,8,1
r00355,2438,0.3435,11,1
r00356,2438,0.1447,11,0
r00357,2438,0.1736,11,0
r00358,2438,0.4035,11,0
r00359,2438,0.997,11,1
r00360,2438,0.149,11,1
r00361,2438,0.2213,11,1
r00362,2438,0.4884,11,0
r00363,2457,0.6205,5,1
r00364,2461,0.2175,14,1
r00365,2461,0.3659,14,0
r00366,2461,0.2056,14,0
r00367,2461,0.1533,14,0
r00368,2461,0.147,14,1
r00369,2461,0.1585,14,1
r00370,2461,0.1594,14,0
r00371,2484,0.1444,9,0
r00372,2484,0.837,9,0
r00373,2484,0.1498,9,1
r00374,2496,0.144,8,1
r00375,2496,0.2656,8,1
r00376,2496,0.1671,8,0
r00377,2499,0.1424,10,0
r00378,2499,0.9377,10,1
r00379,2521,0.6555,13,0
r00380,2521,0.8495,13,0
r00381,2521,0.9787,13,1
r00382,2521,0.1429,13,0
r00383,2521,0.1425,13,1
r00384,2521,0.856,13,0
r00385,2521,0.8526,13,1
r00386,2521,0.6555,13,0
r00387,2521,0.8495,13,0
r00388,2521,0.9787,13,0
r00389,2521,0.1429,13,0
r00390,2521,0.1425,13,0
r00391,2521,0.856,13,0
r00392,2521,0.8526,13,1
r00393,2552,0.2907,6,1
r00394,2552,0.4904,6,0
r00395,2552,0.6213,6,1
r00396,2553,0.4163,7,1
r00397,2553,0.6258,7,0
r00398,2562,0.9875,16,1
r00399,2562,0.1632,16,0
r00400,2562,0.7668,16,1
r00401,2562,0.212,16,0
r00402,2562,0.3824,16,0
r00403,2580,0.1853,6,0
r00404,2580,0.4265,6,0
r00405,2580,0.1535,6,0
r00406,2580,0.1752,6,1
r00407,2643,0.1524,15,0
r00408,2643,0.1483,15,0
r00409,2643,0.1497,15,0
r00410,2643,0.2725,15,1
r00411,2643,0.1438,15,1
r00412,2812,0.1586,9,0
r00413,2812,0.6141,9,1
r00414,2812,0.1453,9,0
r00415,2860,0.3061,7,1
r00416,2902,0.6545,9,1
r00417,2902,0.1534,9,1
r00418,2902,0.9648,9,1
r00419,2912,0.9474,6,0
r00420,2912,0.1641,6,1
r00421,2912,0.3037,6,0
r00422,2933,0.1608,8,0
r00423,2933,0.7871,8,1
r00424,2933,0.2578,8,1
r00425,2933,0.1571,8,1
r00426,2977,0.3499,11,0
r00427,2977,0.1629,11,0
r00428,2977,0.2771,11,0
r00429,3008,0.1444,18,0
r00430,3008,0.9471,18,0
r00431,3008,0.1679,18,1
r00432,3011,0.1875,27,1
r00433,3011,0.9796,27,1
r00434,3011,0.1448,27,0
r00435,3028,0.997,28,0
r00436,3028,0.4697,28,1
r00437,3028,0.1462,28,0
r00438,3028,0.1933,28,0
r00439,3028,0.997,28,0
r00440,3028,0.4697,28,1
r00441,3028,0.1462,28,0
r00442,3028,0.1933,28,0
r00443,3031,0.7961,25,1
r00444,3031,0.148,25,0
r00445,3031,0.1432,25,0
r00446,3031,0.9986,25,0
r00447,3031,0.1605,25,0
r00448,3031,0.161,25,0
r00449,3031,0.1647,25,1
r00450,3031,0.1457,25,0
r00451,3037,0.299,14,0
r00452,3037,0.1426,14,0
r00453,3056,0.4707,14,0
r00454,3056,0.4441,14,1
r00455,3056,0.5283,14,0
r00456,3056,0.1569,14,0
r00457,3058,0.2503,17,0
r00458,3058,0.2485,17,1
r00459,3058,0.1628,17,0
r00460,3058,0.443,17,1
r00461,3058,0.3557,17,0
r00462,3058,0.1548,17,0
r00463,3058,0.2503,17,0
r00464,3058,0.2485,17,1
r00465,3058,0.1628,17,0
r00466,3058,0.443,17,0
r00467,3058,0.3557,17,0
r00468,3058,0.1548,17,0
r00469,3111,0.1607,10,0
r00470,3113,0.4495,14,0
r00471,3113,0.1602,14,0
r00472,3113,0.1448,14,1
r00473,3113,0.2068,14,1
r00474,3113,0.2094,14,0
r00475,3113,0.9019,14,0
r00476,3149,0.1879,4,0
r00477,3149,0.902,4,1
r00478,3149,0.1433,4,0
r00479,3233,0.1446,10,0
r00480,3233,0.1424,10,0
r00481,3233,0.1465,10,1
r00482,3233,0.166,10,0
r00483,3233,0.2495,10,0
r00484,3233,0.457,10,0
r00485,3233,0.37,10,1
r00486,3281,0.9991,11,0
r00487,3281,0.3135,11,0
r00488,3328,0.1967,9,0
r00489,3328,0.1429,9,0
r00490,3328,0.5149,9,1
r00491,3328,0.4244,9,1
r00492,3328,0.2208,9,1
r00493,3331,0.9998,13,0
r00494,3331,0.9991,13,1
r00495,3331,0.1802,13,0
r00496,3336,0.2122,17,1
r00497,3336,0.3618,17,1
r00498,3336,0.2754,17,1
r00499,3336,0.411,17,1
r00500,3336,0.204,17,0
r00501,3348,0.1446,15,0
r00502,3348,0.1443,15,1
r00503,3348,0.8018,15,1
r00504,3366,0.2762,8,1
r00505,3366,0.148,8,0
r00506,3367,0.4107,6,1
r00507,3367,0.1435,6,0
r00508,3415,0.9011,6,1
r00509,3416,0.1587,11,0
r00510,3416,0.2762,11,1
r00511,3416,0.8986,11,1
r00512,3421,0.3098,16,0
r00513,3421,0.5787,16,1
r00514,3421,0.1453,16,0
r00515,3421,0.5161,16,1
r00516,3421,0.1639,16,1
r00517,3421,0.3098,16,0
r00518,3421,0.5787,16,1
r00519,3421,0.1453,16,1
r00520,3421,0.5161,16,1
r00521,3421,0.1639,16,1
r00522,3425,0.1429,8,0
r00523,3425,0.163,8,0
r00524,3425,0.1425,8,0
r00525,3425,0.344,8,0
r00526,3425,0.9937,8,0
r00527,3425,0.3038,8,0
r00528,3425,0.171,8,0
r00529,3425,0.1429,8,0
r00530,3425,0.163,8,0
r00531,3425,0.1425,8,0
r00532,3425,0.344,8,0
r00533,3425,0.9937,8,0
r00534,3425,0.3038,8,0
r00535,3425,0.171,8,0
r00536,3425,0.1429,8,0
r00537,3425,0.163,8,0
r00538,3425,0.1425,8,1
r00539,3425,0.344,8,0
r00540,3425,0.9937,8,0
r00541,3425,0.3038,8,0
r00542,3425,0.171,8,0
r00543,3524,0.1488,8,1
r00544,3524,0.1476,8,0
r00545,3524,0.1744,8,1
r00546,3524,0.1671,8,1
r00547,3569,0.1452,8,0
r00548,3569,0.1439,8,1
r00549,3601,0.1556,5,1
r00550,3601,0.1545,5,1
r00551,3621,0.1766,12,0
r00552,3621,0.2848,12,1
r00553,3720,0.1589,7,1
r00554,3720,0.9298,7,1
r00555,3728,0.8686,16,0
r00556,3728,0.1578,16,1
r00557,3728,0.1901,16,0
r00558,3728,0.217,16,0
r00559,3728,0.9998,16,1
r00560,3728,0.8686,16,0
r00561,3728,0.1578,16,1
r00562,3728,0.1901,16,0
r00563,3728,0.217,16,0
r00564,3728,0.9998,16,0
r00565,3745,0.1604,9,1
r00566,3745,0.885,9,1
r00567,3745,0.6096,9,1
r00568,3947,0.1438,5,1
r00569,3947,0.1426,5,1
r00570,4122,0.1637,8,1
r00571,4122,0.1887,8,1
r00572,4180,0.9617,14,1
r00573,4180,0.1647,14,0
r00574,4262,0.4249,5,1
r00575,4262,0.4516,5,0
r00576,4302,0.4566,4,1
r00577,4341,0.8545,14,1
r00578,4341,0.8633,14,0
r00579,4341,0.6476,14,1
r00580,4553,0.2796,9,0
r00581,4602,0.1713,6,0
r00582,4602,0.248,6,1
r00583,4613,0.1806,8,0
r00584,4613,0.1471,8,0
r00585,4613,0.1694,8,0
r00586,4613,0.2578,8,1
r00587,4639,0.1448,11,0
r00588,4639,0.5105,11,1
r00589,4716,0.1509,12,0
r00590,4716,0.1739,12,0
r00591,4716,0.8905,12,1
r00592,4716,0.149,12,1
r00593,4716,0.971,12,1
r00594,4780,0.1628,5,0
r00595,4780,0.5999,5,1
r00596,4780,0.8708,5,1
r00597,4987,0.1799,3,1
r00598,5007,0.1496,4,1
r00599,5021,0.1741,8,1
r00600,5021,0.8135,8,0
r00601,5021,0.1455,8,0
r00602,5021,0.1626,8,1
r00603,5097,0.143,4,1
r00604,5127,0.6145,6,1
r00605,5133,0.3087,6,1
r00606,5133,0.1501,6,0
r00607,5135,0.1545,8,0
r00608,5135,0.1437,8,0
r00609,5135,0.5343,8,1
r00610,5369,0.1953,11,0
r00611,5369,0.1702,11,0
r00612,5369,0.1541,11,0
r00613,5369,0.1499,11,0
r00614,5369,0.2223,11,0
r00615,5369,0.1677,11,0
r00616,5369,0.1581,11,0
r00617,5500,0.9757,12,1
r00618,5500,0.159,12,0
r00619,5500,0.1519,12,1
r00620,5500,0.6057,12,1
r00621,5527,0.1493,8,0
r00622,5527,0.2567,8,1
r00623,5527,0.1422,8,0
r00624,5527,0.1513,8,0
r00625,5527,0.1493,8,1
r00626,5527,0.2567,8,0
r00627,5527,0.1422,8,0
r00628,5527,0.1513,8,0
r00629,5528,0.151,9,1
r00630,5545,0.1501,9,0
r00631,5545,0.4435,9,0
r00632,5545,0.1802,9,0
r00633,5545,0.8384,9,1
r00634,5642,0.1435,6,1
r00635,5747,0.1685,12,1
r00636,5747,0.6669,12,0
r00637,5747,0.7571,12,0
r00638,5747,0.2182,12,1
r00639,5747,0.7814,12,1
r00640,5901,0.1494,10,0
r00641,5901,0.1767,10,1
r00642,5901,0.1485,10,0
r00643,5901,0.1501,10,0
r00644,6001,0.3051,13,1
r00645,6001,0.925,13,0
r00646,6001,0.9909,13,0
r00647,6027,0.1482,9,0
r00648,6027,0.9777,9,0
r00649,6027,0.1891,9,0
r00650,6027,0.1436,9,1
r00651,6111,0.4824,11,0
r00652,6111,0.5788,11,1
r00653,6160,0.6083,9,1
r00654,6160,0.1422,9,0
r00655,6160,0.8276,9,0
r00656,6161,0.4956,6,1
r00657,6161,0.9775,6,0
r00658,6161,0.3129,6,0
r00659,6278,0.1564,3,1
r00660,6295,0.1503,14,0
r00661,6295,0.5847,14,1
r00662,6295,0.3881,14,1
r00663,6295,0.4926,14,1
r00664,6355,0.3778,15,0
r00665,6380,0.1505,6,0
r00666,6461,0.9229,3,0
r00667,6461,0.1584,3,1
r00668,6502,0.3011,15,1
r00669,6561,0.1423,9,0
r00670,6561,0.4308,9,1
r00671,6561,0.1521,9,1
r00672,6561,0.7008,9,1
r00673,6561,0.5586,9,0
r00674,6561,0.1599,9,0
r00675,6562,0.1438,7,0
r00676,6562,0.4517,7,1
r00677,6562,0.1589,7,0
r00678,6562,0.1585,7,0
r00679,6562,0.9115,7,0
r00680,6562,0.1598,7,0
r00681,6562,0.1433,7,0
r00682,6562,0.1438,7,0
r00683,6562,0.4517,7,1
r00684,6562,0.1589,7,0
r00685,6562,0.1585,7,0
r00686,6562,0.9115,7,1
r00687,6562,0.1598,7,0
r00688,6562,0.1433,7,0
r00689,6596,0.5212,6,1
r00690,6596,0.2468,6,0
r00691,6655,0.5486,7,0
r00692,6655,0.9476,7,1
r00693,6655,0.1476,7,0
r00694,6704,0.1491,3,1
r00695,6828,0.6251,6,1
r00696,6828,0.6643,6,1
r00697,6828,0.1422,6,0
r00698,6858,0.1533,12,1
r00699,6858,0.2449,12,1
r00700,6858,0.1436,12,1
r00701,6865,0.9719,4,1
r00702,6865,0.9719,4,1
r00703,7042,0.1579,4,1
r00704,7042,0.1454,4,0
r00705,7042,0.1437,4,1
r00706,7150,0.6309,20,1
r00707,7150,0.1689,20,0
r00708,7362,0.15,9,0
r00709,7362,0.2333,9,1
r00710,7441,0.5284,9,1
r00711,7441,0.2535,9,0
r00712,7441,0.1956,9,0
r00713,7442,0.4029,8,1
r00714,7442,0.1934,8,1
r00715,7442,0.1765,8,0
r00716,7443,0.6235,8,0
r00717,7443,0.457,8,1
r00718,7443,0.169,8,0
r00719,7558,0.1667,6,0
r00720,7558,0.153,6,0
r00721,7558,0.1434,6,1
r00722,7571,0.1454,9,0
r00723,7571,0.2017,9,1
r00724,7636,0.6086,21,1
r00725,7636,0.5067,21,0
r00726,7636,0.9977,21,1
r00727,7636,0.1452,21,1
r00728,7638,0.1686,18,0
r00729,7638,0.9135,18,1
r00730,7638,0.1504,18,0
r00731,7638,0.594,18,0
r00732,7638,0.1489,18,0
r00733,7761,0.1465,8,0
r00734,7880,0.7298,8,0
r00735,7880,0.1456,8,0
r00736,7999,0.1488,9,0
r00737,7999,0.2461,9,1
r00738,7999,0.1902,9,0
r00739,7999,0.386,9,0
r00740,7999,0.9995,9,1
r00741,8144,0.1609,3,1
r00742,8144,0.1508,3,0
r00743,8146,0.1982,4,1
r00744,8171,0.5613,3,1
r00745,8228,0.1539,5,0
r00746,8228,0.2496,5,0
r00747,8228,0.4571,5,0
r00748,8228,0.4646,5,1
r00749,8255,0.3034,4,1
r00750,8255,0.1589,4,1
r00751,8283,0.1754,3,0
r00752,8343,0.729,3,1
r00753,8417,0.1438,6,1
r00754,8501,0.2636,9,1
r00755,8501,0.1882,9,0
r00756,8501,0.143,9,0
r00757,8528,0.1482,6,1
r00758,8528,0.162,6,1
r00759,8552,0.5013,7,1
r00760,8554,0.3377,13,1
r00761,8554,0.3377,13,1
r00762,8555,0.4224,10,1
r00763,8796,0.1441,3,1
r00764,8877,0.1661,11,1
r00765,8877,0.1646,11,1
r00766,8878,0.1923,13,0
r00767,8885,0.2293,10,1
r00768,8885,0.1526,10,0
r00769,8885,0.9128,10,0
r00770,8885,0.6702,10,1
r00771,8885,0.1579,10,1
r00772,9160,0.6455,7,1
r00773,9160,0.2658,7,0
r00774,9160,0.2152,7,0
r00775,9169,0.1633,3,1
r00776,9213,0.188,5,1
r00777,9214,0.1613,5,0
r00778,9214,0.3503,5,0
r00779,9214,0.3347,5,0
r00780,9214,0.1428,5,0
r00781,9214,0.1428,5,1
r00782,9214,0.1442,5,0
r00783,9214,0.1431,5,0
r00784,9251,0.1587,6,1
r00785,9251,0.6092,6,1
r00786,9330,0.3719,8,0
r00787,9330,0.1781,8,0
r00788,9330,0.265,8,0
r00789,9330,0.2337,8,0
r00790,9330,0.142,8,0
r00791,9330,0.4399,8,1
r00792,9330,0.4788,8,1
r00793,9381,0.9741,3,1
r00794,9382,0.4699,3,0
r00795,9382,0.5262,3,1
r00796,9382,0.1607,3,1
r00797,9383,0.817,6,1
r00798,9476,0.971,12,1
r00799,9757,0.5746,13,0
r00800,9757,0.4483,13,1
r00801,9771,0.2122,3,1
r00802,9779,0.7834,5,1
r00803,10014,0.1551,7,0
r00804,10014,0.2439,7,0
r00805,10014,0.1557,7,0
r00806,10014,0.1512,7,0
r00807,10014,0.143,7,0
r00808,10046,0.8575,15,1
r00809,10046,0.2662,15,1
r00810,10046,0.1436,15,0
r00811,10046,0.2885,15,1
r00812,10046,0.3922,15,0
r00813,10095,0.3816,13,1
r00814,10095,0.1829,13,0
r00815,10392,0.9642,8,0
r00816,10392,0.1508,8,1
r00817,10392,0.3304,8,1
r00818,10392,0.1477,8,0
r00819,10392,0.1553,8,0
r00820,10394,0.4576,10,0
r00821,10394,0.1889,10,1
r00822,10394,0.1436,10,0
r00823,10394,0.8301,10,0
r00824,10394,0.3301,10,0
r00825,10394,0.1575,10,1
r00826,10410,0.5905,7,1
r00827,10422,0.1528,12,1
r00828,10422,0.1438,12,0
r00829,10422,0.3198,12,0
r00830,10422,0.1458,12,0
r00831,10423,0.4383,11,0
r00832,10423,0.1431,11,0
r00833,10423,0.1519,11,0
r00834,10423,0.3262,11,0
r00835,10423,0.1449,11,0
r00836,10423,0.194,11,0
r00837,10423,0.3129,11,0
r00838,10423,0.3625,11,1
r00839,10423,0.7022,11,0
r00840,10434,0.9644,6,1
r00841,10434,0.3159,6,1
r00842,10484,0.1499,13,0
r00843,10484,0.7437,13,0
r00844,10484,0.1976,13,0
r00845,10484,0.9976,13,1
r00846,10484,0.2269,13,0
r00847,10484,0.1499,13,0
r00848,10484,0.7437,13,0
r00849,10484,0.1976,13,0
r00850,10484,0.9976,13,1
r00851,10484,0.2269,13,0
r00852,10485,0.2855,7,1
r00853,10485,0.4815,7,0
r00854,10485,0.1483,7,0
r00855,10485,0.1687,7,1
r00856,10492,0.9559,14,0
r00857,10492,0.1541,14,1
r00858,10700,0.1842,20,1
r00859,10700,0.1614,20,0
r00860,10700,0.2047,20,0
r00861,10700,0.3472,20,0
r00862,10700,0.3902,20,0
r00863,10700,0.1464,20,0
r00864,10832,0.57,2,1
r00865,10856,0.1707,5,1
r00866,11038,0.8976,12,1
r00867,11038,0.1421,12,0
r00868,11038,0.9498,12,0
r00869,11038,0.1423,12,1
r00870,11119,0.6803,7,1
r00871,11119,0.7277,7,1
r00872,11119,0.4616,7,1
r00873,11584,0.1755,11,0
r00874,11584,0.1829,11,1
r00875,11584,0.1527,11,0
r00876,11586,0.1556,6,1
r00877,11586,0.1609,6,0
r00878,11586,0.1735,6,1
r00879,11587,0.2078,9,1
r00880,11587,0.1607,9,1
r00881,11587,0.1889,9,1
r00882,11670,0.2986,5,1
r00883,11933,0.1597,8,0
r00884,12022,0.4705,12,1
r00885,12022,0.1658,12,1
r00886,12022,0.1888,12,0
r00887,12022,0.5592,12,1
r00888,12022,0.7248,12,1
r00889,12022,0.6891,12,0
r00890,12204,0.1651,8,1
r00891,12204,0.2655,8,0
r00892,12204,0.1536,8,1
r00893,12297,0.2347,24,1
r00894,12297,0.2013,24,1
r00895,12297,0.5895,24,0
r00896,12297,0.5037,24,0
r00897,12297,0.1677,24,0
r00898,12297,0.5058,24,1
r00899,12297,0.75,24,1
r00900,12297,0.2376,24,0
r00901,12298,0.4631,19,0
r00902,12298,0.4647,19,0
r00903,12298,0.2997,19,1
r00904,12298,0.3464,19,0
r00905,12298,0.3483,19,0
r00906,12298,0.1569,19,1
r00907,12298,0.3972,19,1
r00908,12298,0.3037,19,1
r00909,12298,0.1428,19,0
r00910,12298,0.1419,19,0
r00911,12298,0.1539,19,0
r00912,12298,0.144,19,0
r00913,12298,0.1423,19,0
r00914,12298,0.9038,19,0
r00915,12298,0.4631,19,0
r00916,12298,0.4647,19,0
r00917,12298,0.2997,19,1
r00918,12298,0.3464,19,0
r00919,12298,0.3483,19,0
r00920,12298,0.1569,19,1
r00921,12298,0.3972,19,1
r00922,12298,0.3037,19,1
r00923,12298,0.1428,19,0
r00924,12298,0.1419,19,0
r00925,12298,0.1539,19,1
r00926,12298,0.144,19,1
r00927,12298,0.1423,19,1
r00928,12298,0.9038,19,1
r00929,12298,0.4631,19,0
r00930,12298,0.4647,19,0
r00931,12298,0.2997,19,1
r00932,12298,0.3464,19,0
r00933,12298,0.3483,19,0
r00934,12298,0.1569,19,1
r00935,12298,0.3972,19,1
r00936,12298,0.3037,19,0
r00937,12298,0.1428,19,0
r00938,12298,0.1419,19,0
r00939,12298,0.1539,19,0
r00940,12298,0.144,19,0
r00941,12298,0.1423,19,0
r00942,12298,0.9038,19,0
r00943,12298,0.4631,19,0
r00944,12298,0.4647,19,0
r00945,12298,0.2997,19,1
r00946,12298,0.3464,19,0
r00947,12298,0.3483,19,0
r00948,12298,0.1569,19,0
r00949,12298,0.3972,19,0
r00950,12298,0.3037,19,0
r00951,12298,0.1428,19,0
r00952,12298,0.1419,19,0
r00953,12298,0.1539,19,0
r00954,12298,0.144,19,0
r00955,12298,0.1423,19,0
r00956,12298,0.9038,19,0
r00957,12299,0.1563,24,1
r00958,12299,0.1472,24,0
r00959,12299,0.1714,24,0
r00960,12299,0.5176,24,1
r00961,12299,0.1457,24,0
r00962,12299,0.1476,24,0
r00963,12299,0.6349,24,0
r00964,12299,0.148,24,0
r00965,12299,0.5423,24,0
r00966,12299,0.3239,24,0
r00967,12299,0.9996,24,0
r00968,12299,0.4168,24,1
r00969,12299,0.2518,24,0
r00970,12299,0.167,24,0
r00971,12299,0.876,24,0
r00972,12299,0.1563,24,0
r00973,12299,0.1472,24,0
r00974,12299,0.1714,24,1
r00975,12299,0.5176,24,1
r00976,12299,0.1457,24,0
r00977,12299,0.1476,24,0
r00978,12299,0.6349,24,0
r00979,12299,0.148,24,0
r00980,12299,0.5423,24,0
r00981,12299,0.3239,24,0
r00982,12299,0.9996,24,0
r00983,12299,0.4168,24,0
r00984,12299,0.2518,24,0
r00985,12299,0.167,24,0
r00986,12299,0.876,24,0
r00987,12302,0.1629,7,0
r00988,12302,0.1628,7,0
r00989,12302,0.1488,7,0
r00990,12302,0.1562,7,0
r00991,12302,0.1511,7,0
r00992,12302,0.2115,7,0
r00993,12302,0.2003,7,0
r00994,12302,0.5804,7,1
r00995,12302,0.5948,7,0
r00996,12302,0.1463,7,0
r00997,12302,0.1507,7,0
r00998,12302,0.2072,7,0
r00999,12302,0.2846,7,0
r01000,12302,0.1629,7,0
r01001,12302,0.1628,7,0
r01002,12302,0.1488,7,0
r01003,12302,0.1562,7,0
r01004,12302,0.1511,7,0
r01005,12302,0.2115,7,0
r01006,12302,0.2003,7,1
r01007,12302,0.5804,7,1
r01008,12302,0.5948,7,0
r01009,12302,0.1463,7,0
r01010,12302,0.1507,7,0
r01011,12302,0.2072,7,0
r01012,12302,0.2846,7,0
r01013,12653,0.2459,7,0
r01014,12797,0.1857,7,1
r01015,12797,0.167,7,0
r01016,12797,0.1514,7,0
r01017,12896,0.7367,14,0
r01018,12896,0.1571,14,0
r01019,12900,0.1602,16,1
r01020,12900,0.589,16,1
r01021,12900,0.1457,16,0
r01022,12900,0.2105,16,0
r01023,12902,0.1722,17,0
r01024,12996,0.1514,6,1
r01025,12996,0.8015,6,0
r01026,12996,0.559,6,1
r01027,12996,0.4574,6,1
r01028,12996,0.1514,6,1
r01029,12996,0.8015,6,1
r01030,12996,0.559,6,0
r01031,12996,0.4574,6,0
r01032,13009,0.5554,3,1
r01033,13010,0.5235,2,1
r01034,13093,0.1492,6,0
r01035,13093,0.1456,6,1
r01036,13093,0.1741,6,0
r01037,13093,0.2646,6,0
r01038,13241,0.2464,2,1
r01039,13423,0.1434,8,1
r01040,13423,0.5197,8,1
r01041,13425,0.2169,6,1
r01042,13425,0.1992,6,0
r01043,13425,0.1491,6,0
r01044,13570,0.1425,26,0
r01045,13570,0.1831,26,0
r01046,13570,0.1724,26,0
r01047,13570,0.1434,26,0
r01048,13570,0.6876,26,1
r01049,13570,0.1976,26,0
r01050,13570,0.1486,26,0
r01051,13571,0.2272,23,0
r01052,13571,0.2154,23,0
r01053,13571,0.1422,23,0
r01054,13571,0.1452,23,0
r01055,13571,0.9887,23,0
r01056,13861,0.2262,3,0
r01057,14062,0.1928,5,0
r01058,14062,0.1554,5,0
r01059,14062,0.2138,5,0
r01060,14135,0.709,4,1
r01061,14169,0.1789,5,1
r01062,14169,0.8132,5,1
r01063,14169,0.4527,5,1
r01064,14369,0.1656,22,1
r01065,14369,0.17,22,0
r01066,14369,0.1437,22,0
r01067,14369,0.2303,22,0
r01068,14369,0.1656,22,1
r01069,14369,0.17,22,0
r01070,14369,0.1437,22,0
r01071,14369,0.2303,22,1
r01072,14489,0.5268,4,1
r01073,14556,0.1669,8,0
r01074,14556,0.1668,8,0
r01075,14556,0.1423,8,1
r01076,14571,0.1777,17,1
r01077,14571,0.4423,17,0
r01078,14571,0.9238,17,0
r01079,14571,0.1511,17,0
r01080,14571,0.1508,17,0
r01081,14571,0.3421,17,0
r01082,14571,0.1546,17,0
r01083,14571,0.8535,17,0
r01084,14571,0.1428,17,0
r01085,14571,0.1777,17,1
r01086,14571,0.4423,17,0
r01087,14571,0.9238,17,0
r01088,14571,0.1511,17,0
r01089,14571,0.1508,17,0
r01090,14571,0.3421,17,1
r01091,14571,0.1546,17,0
r01092,14571,0.8535,17,1
r01093,14571,0.1428,17,0
r01094,14572,0.6664,11,1
r01095,14572,0.1474,11,1
r01096,14572,0.4341,11,0
r01097,14572,0.4882,11,0
r01098,14573,0.2799,10,0
r01099,14573,0.1793,10,0
r01100,14573,0.7825,10,0
r01101,14573,0.1664,10,0
r01102,14573,0.1432,10,0
r01103,14575,0.3589,10,0
r01104,14575,0.1454,10,0
r01105,14610,0.1441,22,0
r01106,14610,0.4268,22,1
r01107,14610,0.6733,22,0
r01108,14610,0.19,22,0
r01109,14610,0.1655,22,0
r01110,14610,0.2649,22,0
r01111,14610,0.152,22,0
r01112,14610,0.155,22,0
r01113,14610,0.1441,22,1
r01114,14610,0.4268,22,1
r01115,14610,0.6733,22,0
r01116,14610,0.19,22,0
r01117,14610,0.1655,22,0
r01118,14610,0.2649,22,0
r01119,14610,0.152,22,0
r01120,14610,0.155,22,0
r01121,14610,0.1441,22,1
r01122,14610,0.4268,22,1
r01123,14610,0.6733,22,0
r01124,14610,0.19,22,0
r01125,14610,0.1655,22,0
r01126,14610,0.2649,22,0
r01127,14610,0.152,22,0
r01128,14610,0.155,22,0
r01129,14624,0.2274,7,1
r01130,14624,0.2709,7,1
r01131,14624,0.1431,7,0
r01132,14624,0.1742,7,0
r01133,14624,0.4805,7,0
r01134,14714,0.1565,7,0
r01135,14714,0.2293,7,1
r01136,14714,0.216,7,0
r01137,14714,0.2614,7,1
r01138,14714,0.1996,7,1
r01139,14714,0.4129,7,0
r01140,14714,0.4192,7,1
r01141,14714,0.1506,7,0
r01142,14723,0.7221,15,1
r01143,14723,0.2256,15,1
r01144,14730,0.1426,19,0
r01145,14730,0.6319,19,0
r01146,14730,0.8942,19,1
r01147,14730,0.2825,19,0
r01148,14736,0.1795,13,1
r01149,14736,0.3082,13,0
r01150,14747,0.143,10,0
r01151,14747,0.1509,10,1
r01152,14747,0.1592,10,0
r01153,14747,0.2668,10,0
r01154,14747,0.7696,10,0
r01155,14747,0.1425,10,0
r01156,14747,0.5684,10,0
r01157,14747,0.1544,10,0
r01158,14747,0.1783,10,0
r01159,14763,0.1425,12,0
r01160,14763,0.143,12,0
r01161,14763,0.1678,12,1
r01162,14763,0.1463,12,0
r01163,14763,0.1421,12,1
r01164,14763,0.1604,12,0
r01165,14783,0.9982,11,1
r01166,14792,0.144,14,0
r01167,14792,0.1864,14,1
r01168,14792,0.2682,14,1
r01169,14792,0.1461,14,0
r01170,14792,0.5313,14,0
r01171,14812,0.1456,22,0
r01172,14812,0.1521,22,0
r01173,14812,0.143,22,0
r01174,14812,0.3549,22,1
r01175,14812,0.1423,22,0
r01176,14812,0.1853,22,0
r01177,14812,0.6453,22,0
r01178,14864,0.6612,25,0
r01179,14864,0.2626,25,0
r01180,14864,0.2852,25,0
r01181,14864,0.8693,25,0
r01182,14864,0.2735,25,0
r01183,14864,0.399,25,0
r01184,14864,0.4069,25,0
r01185,14864,0.6089,25,1
r01186,14864,0.1441,25,1
r01187,14864,0.6316,25,1
r01188,14867,0.1547,24,0
r01189,14867,0.3394,24,0
r01190,14867,0.161,24,0
r01191,14867,0.1546,24,0
r01192,14867,0.6171,24,0
r01193,14867,0.3573,24,1
r01194,14867,0.8505,24,0
r01195,14867,0.3086,24,0
r01196,14867,0.1547,24,0
r01197,14867,0.3394,24,0
r01198,14867,0.161,24,0
r01199,14867,0.1546,24,0
r01200,14867,0.6171,24,0
r01201,14867,0.3573,24,1
r01202,14867,0.8505,24,1
r01203,14867,0.3086,24,1
r01204,14875,0.7301,3,1
r01205,15008,0.1475,8,0
r01206,15008,0.2069,8,1
r01207,15050,0.5321,18,0
r01208,15050,0.5272,18,0
r01209,15050,0.158,18,0
r01210,15050,0.1447,18,1
r01211,15303,0.1561,12,0
r01212,15303,0.1569,12,0
r01213,15303,0.2305,12,0
r01214,15303,0.3889,12,0
r01215,15303,0.5098,12,1
r01216,15303,0.1567,12,0
r01217,15378,0.6159,9,0
r01218,15378,0.3016,9,0
r01219,15378,0.1558,9,0
r01220,15378,0.1424,9,0
r01221,15378,0.1482,9,0
r01222,15378,0.1458,9,0
r01223,15378,0.6159,9,1
r01224,15378,0.3016,9,0
r01225,15378,0.1558,9,0
r01226,15378,0.1424,9,0
r01227,15378,0.1482,9,1
r01228,15378,0.1458,9,0
r01229,15440,0.4051,20,0
r01230,15440,0.4628,20,0
r01231,15440,0.1748,20,0
r01232,15440,0.9642,20,0
r01233,15440,0.1454,20,0
r01234,15440,0.1809,20,0
r01235,15440,0.362,20,0
r01236,15440,0.1444,20,1
r01237,15440,0.486,20,0
r01238,15440,0.1894,20,1
r01239,15440,0.1767,20,0
r01240,15441,0.1444,22,0
r01241,15441,0.7949,22,0
r01242,15441,0.2589,22,0
r01243,15441,0.6108,22,0
r01244,15441,0.6235,22,0
r01245,15441,0.8206,22,0
r01246,15441,0.1931,22,0
r01247,15441,0.1508,22,0
r01248,15441,0.1444,22,0
r01249,15441,0.7949,22,1
r01250,15441,0.2589,22,0
r01251,15441,0.6108,22,0
r01252,15441,0.6235,22,1
r01253,15441,0.8206,22,0
r01254,15441,0.1931,22,0
r01255,15441,0.1508,22,0
r01256,15443,0.19,15,0
r01257,15443,0.3674,15,0
r01258,15443,0.1943,15,0
r01259,15443,0.1438,15,0
r01260,15443,0.1792,15,0
r01261,15443,0.2298,15,0
r01262,15443,0.3807,15,0
r01263,15443,0.4042,15,0
r01264,15443,0.1443,15,0
r01265,15443,0.1797,15,0
r01266,15459,0.1462,10,0
r01267,15459,0.6113,10,1
r01268,15459,0.2032,10,1
r01269,15459,0.1424,10,0
r01270,15459,0.1421,10,0
r01271,15475,0.1471,15,0
r01272,15475,0.9957,15,1
r01273,15496,0.9105,27,0
r01274,15496,0.5682,27,0
r01275,15496,0.1545,27,0
r01276,15496,0.3686,27,0
r01277,15496,0.1431,27,0
r01278,15498,0.4413,28,0
r01279,15498,0.1426,28,0
r01280,15498,0.2667,28,0
r01281,15498,0.8192,28,0
r01282,15498,0.1618,28,0
r01283,15498,0.2548,28,0
r01284,15498,0.1717,28,0
r01285,15498,0.4413,28,0
r01286,15498,0.1426,28,0
r01287,15498,0.2667,28,0
r01288,15498,0.8192,28,0
r01289,15498,0.1618,28,0
r01290,15498,0.2548,28,0
r01291,15498,0.1717,28,1
r01292,15499,0.9605,21,0
r01293,15499,0.1841,21,0
r01294,15499,0.3627,21,0
r01295,15499,0.1763,21,1
r01296,15499,0.1664,21,0
r01297,15499,0.4563,21,0
r01298,15499,0.5492,21,1
r01299,15499,0.2803,21,0
r01300,15499,0.9605,21,0
r01301,15499,0.1841,21,0
r01302,15499,0.3627,21,1
r01303,15499,0.1763,21,0
r01304,15499,0.1664,21,0
r01305,15499,0.4563,21,0
r01306,15499,0.5492,21,0
r01307,15499,0.2803,21,1
r01308,15533,0.146,27,1
r01309,15533,0.144,27,0
r01310,15533,0.2588,27,0
r01311,15533,0.1862,27,1
r01312,15533,0.1479,27,0
r01313,15533,0.1479,27,1
r01314,15533,0.9449,27,0
r01315,15533,0.1614,27,0
r01316,15533,0.977,27,1
r01317,15533,0.2091,27,1
r01318,15533,0.1935,27,1
r01319,15533,0.146,27,1
r01320,15533,0.144,27,0
r01321,15533,0.2588,27,0
r01322,15533,0.1862,27,1
r01323,15533,0.1479,27,0
r01324,15533,0.1479,27,1
r01325,15533,0.9449,27,0
r01326,15533,0.1614,27,0
r01327,15533,0.977,27,1
r01328,15533,0.2091,27,0
r01329,15533,0.1935,27,0
r01330,15533,0.146,27,0
r01331,15533,0.144,27,0
r01332,15533,0.2588,27,1
r01333,15533,0.1862,27,0
r01334,15533,0.1479,27,0
r01335,15533,0.1479,27,0
r01336,15533,0.9449,27,0
r01337,15533,0.1614,27,0
r01338,15533,0.977,27,1
r01339,15533,0.2091,27,0
r01340,15533,0.1935,27,0
r01341,15534,0.1497,22,1
r01342,15534,0.2567,22,1
r01343,15534,0.8058,22,1
r01344,15534,0.1529,22,0
r01345,15534,0.7673,22,0
r01346,15534,0.1919,22,0
r01347,15534,0.1472,22,0
r01348,15534,0.7987,22,0
r01349,15534,0.7343,22,0
r01350,15534,0.9893,22,0
r01351,15534,0.1497,22,0
r01352,15534,0.2567,22,0
r01353,15534,0.8058,22,0
r01354,15534,0.1529,22,0
r01355,15534,0.7673,22,1
r01356,15534,0.1919,22,0
r01357,15534,0.1472,22,0
r01358,15534,0.7987,22,0
r01359,15534,0.7343,22,0
r01360,15534,0.9893,22,1
r01361,15535,0.3915,37,1
r01362,15535,0.1452,37,0
r01363,15535,0.2265,37,0
r01364,15535,0.2591,37,0
r01365,15535,0.9916,37,0
r01366,15535,0.9719,37,0
r01367,15535,0.1593,37,0
r01368,15535,0.9192,37,1
r01369,15535,0.1731,37,0
r01370,15535,0.3915,37,1
r01371,15535,0.1452,37,0
r01372,15535,0.2265,37,0
r01373,15535,0.2591,37,0
r01374,15535,0.9916,37,0
r01375,15535,0.9719,37,0
r01376,15535,0.1593,37,0
r01377,15535,0.9192,37,1
r01378,15535,0.1731,37,0
r01379,15535,0.3915,37,0
r01380,15535,0.1452,37,1
r01381,15535,0.2265,37,0
r01382,15535,0.2591,37,0
r01383,15535,0.9916,37,0
r01384,15535,0.9719,37,0
r01385,15535,0.1593,37,0
r01386,15535,0.9192,37,0
r01387,15535,0.1731,37,0
r01388,15535,0.3915,37,1
r01389,15535,0.1452,37,0
r01390,15535,0.2265,37,0
r01391,15535,0.2591,37,0
r01392,15535,0.9916,37,0
r01393,15535,0.9719,37,0
r01394,15535,0.1593,37,0
r01395,15535,0.9192,37,1
r01396,15535,0.1731,37,1
r01397,15570,0.9405,4,1
r01398,15570,0.4166,4,0
r01399,15617,0.7986,13,1
r01400,15617,0.7397,13,0
r01401,15617,0.1439,13,0
r01402,15617,0.158,13,0
r01403,15617,0.3691,13,0
r01404,15617,0.1434,13,0
r01405,15617,0.9428,13,1
r01406,15617,0.3098,13,0
r01407,15617,0.7986,13,1
r01408,15617,0.7397,13,1
r01409,15617,0.1439,13,1
r01410,15617,0.158,13,0
r01411,15617,0.3691,13,1
r01412,15617,0.1434,13,0
r01413,15617,0.9428,13,0
r01414,15617,0.3098,13,0
r01415,15618,0.1419,14,0
r01416,15618,0.7518,14,0
r01417,15618,0.4157,14,1
r01418,15618,0.1693,14,1
r01419,15618,0.2014,14,1
r01420,15618,0.1579,14,1
r01421,15618,0.7991,14,1
r01422,15618,0.1808,14,0
r01423,15618,0.9841,14,0
r01424,15618,0.8373,14,0
r01425,15655,0.7855,14,0
r01426,15655,0.3333,14,0
r01427,15655,0.1448,14,0
r01428,15655,0.1515,14,1
r01429,15655,0.6627,14,1
r01430,15655,0.1651,14,0
r01431,15682,0.3892,16,0
r01432,15682,0.8077,16,0
r01433,15682,0.3654,16,1
r01434,15682,0.3216,16,1
r01435,15682,0.4541,16,1
r01436,15682,0.1462,16,0
r01437,15682,0.4133,16,0
r01438,15682,0.2562,16,0
r01439,15682,0.9656,16,0
r01440,15682,0.1499,16,0
r01441,15683,0.1476,14,0
r01442,15683,0.8492,14,0
r01443,15683,0.361,14,0
r01444,15683,0.3442,14,0
r01445,15683,0.2128,14,0
r01446,15683,0.1492,14,0
r01447,15683,0.4373,14,0
r01448,15683,0.9363,14,0
r01449,15683,0.3645,14,0
r01450,15683,0.3745,14,0
r01451,15683,0.2746,14,1
r01452,15699,0.236,2,1
r01453,15704,0.1707,7,0
r01454,15704,0.5681,7,1
r01455,15704,0.6489,7,1
r01456,15704,0.4944,7,0
r01457,15706,0.8556,6,0
r01458,15706,0.1778,6,0
r01459,15706,0.1498,6,0
r01460,15706,0.8556,6,0
r01461,15706,0.1778,6,0
r01462,15706,0.1498,6,0
r01463,15712,0.5163,4,1
r01464,15760,0.9893,18,0
r01465,15760,0.616,18,0
r01466,15760,0.8548,18,0
r01467,15760,0.5163,18,0
r01468,15760,0.2964,18,0
r01469,15760,0.2762,18,0
r01470,15760,0.6049,18,0
r01471,15760,0.3056,18,0
r01472,15760,0.1436,18,0
r01473,15760,0.1427,18,0
r01474,15760,0.7369,18,0
r01475,15760,0.3064,18,0
r01476,15760,0.9446,18,0
r01477,15760,0.1621,18,0
r01478,15760,0.1423,18,0
r01479,15760,0.9893,18,0
r01480,15760,0.616,18,0
r01481,15760,0.8548,18,1
r01482,15760,0.5163,18,0
r01483,15760,0.2964,18,0
r01484,15760,0.2762,18,0
r01485,15760,0.6049,18,1
r01486,15760,0.3056,18,0
r01487,15760,0.1436,18,0
r01488,15760,0.1427,18,0
r01489,15760,0.7369,18,0
r01490,15760,0.3064,18,0
r01491,15760,0.9446,18,0
r01492,15760,0.1621,18,0
r01493,15760,0.1423,18,0
r01494,15761,0.4045,24,0
r01495,15761,0.987,24,0
r01496,15761,0.4358,24,0
r01497,15761,0.6176,24,0
r01498,15761,0.761,24,0
r01499,15761,0.213,24,0
r01500,15761,0.9537,24,1
r01501,15761,0.2085,24,0
r01502,15761,0.1557,24,1
r01503,15761,0.143,24,0
r01504,15761,0.1526,24,0
r01505,15761,0.8192,24,1
r01506,15761,0.1635,24,0
r01507,15761,0.144,24,0
r01508,15761,0.4045,24,0
r01509,15761,0.987,24,0
r01510,15761,0.4358,24,0
r01511,15761,0.6176,24,0
r01512,15761,0.761,24,0
r01513,15761,0.213,24,0
r01514,15761,0.9537,24,0
r01515,15761,0.2085,24,0
r01516,15761,0.1557,24,0
r01517,15761,0.143,24,0
r01518,15761,0.1526,24,0
r01519,15761,0.8192,24,0
r01520,15761,0.1635,24,0
r01521,15761,0.144,24,0
r01522,15762,0.946,21,0
r01523,15762,0.1973,21,0
r01524,15762,0.2001,21,0
r01525,15762,0.3758,21,0
r01526,15762,0.9002,21,0
r01527,15762,0.166,21,0
r01528,15762,0.1453,21,0
r01529,15762,0.1419,21,0
r01530,15762,0.7672,21,0
r01531,15762,0.2617,21,0
r01532,15762,0.1421,21,0
r01533,15762,0.9122,21,0
r01534,15762,0.2181,21,0
r01535,15762,0.1622,21,0
r01536,15762,0.946,21,1
r01537,15762,0.1973,21,0
r01538,15762,0.2001,21,0
r01539,15762,0.3758,21,1
r01540,15762,0.9002,21,0
r01541,15762,0.166,21,0
r01542,15762,0.1453,21,0
r01543,15762,0.1419,21,0
r01544,15762,0.7672,21,0
r01545,15762,0.2617,21,0
r01546,15762,0.1421,21,0
r01547,15762,0.9122,21,0
r01548,15762,0.2181,21,0
r01549,15762,0.1622,21,0
r01550,15762,0.946,21,0
r01551,15762,0.1973,21,0
r01552,15762,0.2001,21,0
r01553,15762,0.3758,21,0
r01554,15762,0.9002,21,0
r01555,15762,0.166,21,0
r01556,15762,0.1453,21,0
r01557,15762,0.1419,21,0
r01558,15762,0.7672,21,0
r01559,15762,0.2617,21,0
r01560,15762,0.1421,21,0
r01561,15762,0.9122,21,0
r01562,15762,0.2181,21,1
r01563,15762,0.1622,21,0
r01564,15763,0.703,16,1
r01565,15763,0.4956,16,0
r01566,15763,0.9496,16,0
r01567,15763,0.5617,16,0
r01568,15763,0.5891,16,0
r01569,15763,0.5245,16,0
r01570,15763,0.8173,16,0
r01571,15763,0.5271,16,0
r01572,15763,0.143,16,0
r01573,15866,0.9102,11,1
r01574,15866,0.147,11,0
r01575,15866,0.1489,11,1
r01576,15866,0.142,11,0
r01577,15866,0.1429,11,0
r01578,15866,0.4115,11,0
r01579,15866,0.5739,11,0
r01580,15866,0.1842,11,0
r01581,15866,0.1814,11,0
r01582,15870,0.9925,12,1
r01583,15870,0.9595,12,0
r01584,15886,0.5329,8,0
r01585,15886,0.2161,8,1
r01586,15945,0.1568,21,0
r01587,15945,0.1691,21,0
r01588,15945,0.1763,21,0
r01589,15945,0.999,21,0
r01590,15945,0.1563,21,0
r01591,15945,0.1559,21,0
r01592,15945,0.5467,21,1
r01593,15945,0.1661,21,1
r01594,15945,0.7245,21,0
r01595,15945,0.8627,21,0
r01596,15945,0.1568,21,1
r01597,15945,0.1691,21,0
r01598,15945,0.1763,21,0
r01599,15945,0.999,21,0
r01600,15945,0.1563,21,1
r01601,15945,0.1559,21,0
r01602,15945,0.5467,21,0
r01603,15945,0.1661,21,0
r01604,15945,0.7245,21,0
r01605,15945,0.8627,21,0
r01606,15945,0.1568,21,0
r01607,15945,0.1691,21,0
r01608,15945,0.1763,21,0
r01609,15945,0.999,21,0
r01610,15945,0.1563,21,1
r01611,15945,0.1559,21,0
r01612,15945,0.5467,21,0
r01613,15945,0.1661,21,0
r01614,15945,0.7245,21,0
r01615,15945,0.8627,21,0
r01616,15950,0.4324,9,0
r01617,15950,0.3888,9,0
r01618,15950,0.67,9,1
r01619,15951,0.4515,16,0
r01620,15951,0.7541,16,0
r01621,15951,0.9754,16,1
r01622,15951,0.4011,16,1
r01623,15951,0.4517,16,1
r01624,15956,0.1487,10,0
r01625,15956,0.1546,10,1
r01626,15956,0.1641,10,0
r01627,15956,0.7948,10,0
r01628,15957,0.1499,16,0
r01629,15957,0.9013,16,1
r01630,15957,0.1427,16,0
r01631,15957,0.154,16,0
r01632,15957,0.2078,16,0
r01633,15957,0.3008,16,0
r01634,15957,0.8289,16,0
r01635,15957,0.1672,16,0
r01636,15957,0.2999,16,0
r01637,15957,0.1707,16,0
r01638,15957,0.1499,16,0
r01639,15957,0.9013,16,0
r01640,15957,0.1427,16,0
r01641,15957,0.154,16,0
r01642,15957,0.2078,16,0
r01643,15957,0.3008,16,0
r01644,15957,0.8289,16,0
r01645,15957,0.1672,16,0
r01646,15957,0.2999,16,0
r01647,15957,0.1707,16,0
r01648,16006,0.9797,11,1
r01649,16006,0.6737,11,0
r01650,16006,0.3536,11,1
r01651,16006,0.1508,11,1
r01652,16007,0.7469,13,1
r01653,16007,0.1559,13,1
r01654,16007,0.3778,13,0
r01655,16007,0.1439,13,1
r01656,16015,0.5133,5,1
r01657,16015,0.2404,5,1
r01658,16015,0.9037,5,1
r01659,16023,0.7793,18,0
r01660,16023,0.3563,18,0
r01661,16023,0.1467,18,0
r01662,16023,0.2458,18,0
r01663,16023,0.1536,18,0
r01664,16023,0.1485,18,0
r01665,16023,0.4744,18,0
r01666,16023,0.5039,18,0
r01667,16023,0.7793,18,0
r01668,16023,0.3563,18,0
r01669,16023,0.1467,18,0
r01670,16023,0.2458,18,1
r01671,16023,0.1536,18,0
r01672,16023,0.1485,18,0
r01673,16023,0.4744,18,0
r01674,16023,0.5039,18,0
r01675,16062,0.1929,13,1
r01676,16062,0.1595,13,0
r01677,16062,0.1432,13,0
r01678,16063,0.1754,10,0
r01679,16063,0.1541,10,0
r01680,16063,0.3256,10,0
r01681,16063,0.1509,10,0
r01682,16063,0.1509,10,0
r01683,16087,0.2807,7,0
r01684,16087,0.8332,7,1
r01685,16087,0.1424,7,0
r01686,16087,0.989,7,0
r01687,16087,0.1498,7,1
r01688,16110,0.283,18,1
r01689,16110,0.7009,18,1
r01690,16110,0.1488,18,0
r01691,16111,0.7539,17,0
r01692,16111,0.9359,17,0
r01693,16111,0.2246,17,1
r01694,16111,0.178,17,1
r01695,16126,0.1631,8,0
r01696,16126,0.1566,8,0
r01697,16126,0.144,8,0
r01698,16126,0.9633,8,1
r01699,16126,0.1737,8,1
r01700,16126,0.5496,8,0
r01701,16126,0.1631,8,1
r01702,16126,0.1566,8,1
r01703,16126,0.144,8,0
r01704,16126,0.9633,8,0
r01705,16126,0.1737,8,1
r01706,16126,0.5496,8,1
r01707,16127,0.1616,11,0
r01708,16127,0.1791,11,0
r01709,16127,0.1577,11,1
r01710,16127,0.9726,11,0
r01711,16127,0.1641,11,1
r01712,16127,0.9978,11,0
r01713,16127,0.5731,11,0
r01714,16147,0.1452,7,1
r01715,16156,0.9927,8,1
r01716,16156,0.1496,8,0
r01717,16156,0.3437,8,0
r01718,16181,0.5061,3,1
r01719,16303,0.628,6,0
r01720,16303,0.6447,6,0
r01721,16303,0.146,6,0
r01722,16303,0.1445,6,0
r01723,16303,0.1686,6,0
r01724,16303,0.6734,6,1
r01725,16303,0.6788,6,0
r01726,16303,0.2291,6,0
r01727,16345,0.1544,27,0
r01728,16345,0.1507,27,0
r01729,16345,0.6435,27,1
r01730,16345,0.1431,27,0
r01731,16345,0.1705,27,0
r01732,16345,0.1672,27,0
r01733,16345,0.1679,27,0
r01734,16346,0.3906,32,0
r01735,16346,0.9541,32,0
r01736,16346,0.3155,32,0
r01737,16346,0.1978,32,1
r01738,16346,0.2167,32,0
r01739,16346,0.1549,32,0
r01740,16354,0.143,12,0
r01741,16354,0.1464,12,0
r01742,16354,0.8885,12,0
r01743,16354,0.5419,12,1
r01744,16465,0.9057,14,1
r01745,16465,0.9981,14,0
r01746,16465,0.1458,14,0
r01747,16465,0.1993,14,0
r01748,16465,0.154,14,0
r01749,16467,0.9254,18,0
r01750,16467,0.1489,18,0
r01751,16467,0.1636,18,0
r01752,16467,0.1928,18,1
r01753,16467,0.9949,18,0
r01754,16467,0.5599,18,0
r01755,16467,0.4971,18,0
r01756,16482,0.1659,12,0
r01757,16482,0.1598,12,1
r01758,16482,0.2747,12,1
r01759,16482,0.9922,12,0
r01760,16482,0.1463,12,1
r01761,16482,0.1459,12,0
r01762,16482,0.1575,12,0
r01763,16482,0.1659,12,0
r01764,16482,0.1598,12,0
r01765,16482,0.2747,12,0
r01766,16482,0.9922,12,0
r01767,16482,0.1463,12,1
r01768,16482,0.1459,12,0
r01769,16482,0.1575,12,0
r01770,16484,0.2344,22,0
r01771,16484,0.964,22,1
r01772,16484,0.9989,22,0
r01773,16484,0.28,22,0
r01774,16484,0.9867,22,0
r01775,16484,0.9873,22,0
r01776,16484,0.1459,22,1
r01777,16484,0.2029,22,0
r01778,16484,0.5964,22,0
r01779,16484,0.9936,22,0
r01780,16484,0.9943,22,0
r01781,16484,0.1633,22,1
r01782,16512,0.1436,7,0
r01783,16512,0.166,7,1
r01784,16543,0.5948,11,0
r01785,16543,0.1421,11,0
r01786,16543,0.3671,11,0
r01787,16543,0.1603,11,0
r01788,16543,0.7132,11,0
r01789,16543,0.1445,11,0
r01790,16557,0.8134,14,1
r01791,16557,0.1601,14,0
r01792,16559,0.1452,5,0
r01793,16651,0.2639,4,1
r01794,16651,0.4824,4,0
r01795,16672,0.4035,20,1
r01796,16672,0.3889,20,0
r01797,16672,0.5111,20,0
r01798,16672,0.8502,20,0
r01799,16672,0.1503,20,0
r01800,16672,0.963,20,0
r01801,16672,0.9035,20,0
r01802,16672,0.3898,20,0
r01803,16672,0.7197,20,0
r01804,16675,0.7142,21,0
r01805,16675,0.3012,21,0
r01806,16675,0.1595,21,0
r01807,16675,0.1446,21,0
r01808,16675,0.143,21,0
r01809,16675,0.5389,21,1
r01810,16675,0.8354,21,0
r01811,16675,0.2057,21,1
r01812,16675,0.1487,21,1
r01813,16675,0.1476,21,0
r01814,16675,0.728,21,0
r01815,16675,0.8939,21,0
r01816,16675,0.7384,21,0
r01817,16675,0.7142,21,0
r01818,16675,0.3012,21,0
r01819,16675,0.1595,21,1
r01820,16675,0.1446,21,0
r01821,16675,0.143,21,0
r01822,16675,0.5389,21,0
r01823,16675,0.8354,21,0
r01824,16675,0.2057,21,0
r01825,16675,0.1487,21,0
r01826,16675,0.1476,21,0
r01827,16675,0.728,21,0
r01828,16675,0.8939,21,0
r01829,16675,0.7384,21,0
r01830,16700,0.5706,9,1
r01831,16700,0.4176,9,0
r01832,16700,0.303,9,1
r01833,16709,0.1423,11,0
r01834,16709,0.1953,11,0
r01835,16709,0.1589,11,1
r01836,16709,0.2006,11,1
r01837,16709,0.5703,11,0
r01838,16709,0.5457,11,1
r01839,16709,0.1478,11,0
r01840,16709,0.1423,11,0
r01841,16709,0.1953,11,0
r01842,16709,0.1589,11,1
r01843,16709,0.2006,11,1
r01844,16709,0.5703,11,0
r01845,16709,0.5457,11,1
r01846,16709,0.1478,11,0
r01847,16710,0.2211,10,1
r01848,16710,0.1993,10,1
r01849,16710,0.521,10,0
r01850,16710,0.534,10,1
r01851,16762,0.1494,16,0
r01852,16762,0.2097,16,0
r01853,16762,0.1429,16,1
r01854,16762,0.3601,16,1
r01855,16762,0.2596,16,0
r01856,16762,0.2283,16,0
r01857,16763,0.1439,23,0
r01858,16763,0.2378,23,0
r01859,16763,0.3893,23,0
r01860,16763,0.1622,23,0
r01861,16763,0.3331,23,0
r01862,16763,0.9873,23,0
r01863,16763,0.1553,23,1
r01864,16763,0.9869,23,0
r01865,16763,0.4895,23,1
r01866,16763,0.2646,23,0
r01867,16763,0.1569,23,0
r01868,16780,0.495,13,0
r01869,16780,0.1996,13,1
r01870,16780,0.1453,13,0
r01871,16825,0.1429,8,0
r01872,16825,0.143,8,0
r01873,16825,0.2791,8,0
r01874,16825,0.1434,8,1
r01875,16825,0.1428,8,1
r01876,16825,0.149,8,0
r01877,16827,0.1567,9,0
r01878,16827,0.1499,9,0
r01879,16827,0.2159,9,0
r01880,16827,0.4962,9,0
r01881,16827,0.2781,9,1
r01882,16827,0.723,9,0
r01883,16827,0.1567,9,0
r01884,16827,0.1499,9,1
r01885,16827,0.2159,9,1
r01886,16827,0.4962,9,0
r01887,16827,0.2781,9,0
r01888,16827,0.723,9,0
r01889,16834,0.2746,6,0
r01890,16834,0.1946,6,0
r01891,16878,0.1494,14,0
r01892,16878,0.9764,14,0
r01893,16878,0.1493,14,1
r01894,16878,0.2623,14,0
r01895,16878,0.2109,14,1
r01896,16878,0.1489,14,0
r01897,16878,0.1505,14,0
r01898,16878,0.1494,14,0
r01899,16878,0.9764,14,1
r01900,16878,0.1493,14,0
r01901,16878,0.2623,14,0
r01902,16878,0.2109,14,0
r01903,16878,0.1489,14,0
r01904,16878,0.1505,14,0
r01905,16912,0.1583,18,1
r01906,16912,0.1457,18,0
r01907,16912,0.9309,18,0
r01908,16912,0.4426,18,0
r01909,16912,0.2429,18,0
r01910,16912,0.1517,18,0
r01911,16912,0.8366,18,0
r01912,16912,0.1471,18,0
r01913,16912,0.1836,18,0
r01914,16912,0.1456,18,0
r01915,16912,0.1605,18,0
r01916,16912,0.9154,18,0
r01917,16912,0.2374,18,0
r01918,16913,0.5105,13,1
r01919,16913,0.8893,13,0
r01920,16913,0.2171,13,0
r01921,16913,0.202,13,0
r01922,16915,0.6105,14,1
r01923,16915,0.9978,14,1
r01924,16915,0.1502,14,0
r01925,16915,0.1963,14,0
r01926,16915,0.143,14,0
r01927,16915,0.577,14,0
r01928,16915,0.3712,14,0
r01929,16915,0.142,14,0
r01930,16938,0.1447,18,0
r01931,16938,0.1433,18,0
r01932,16938,0.3784,18,1
r01933,16938,0.1479,18,1
r01934,16938,0.1928,18,0
r01935,16974,0.7077,13,0
r01936,16974,0.2657,13,1
r01937,16974,0.4101,13,0
r01938,16974,0.3882,13,0
r01939,16974,0.9409,13,0
r01940,16974,0.2964,13,1
r01941,16974,0.9083,13,1
r01942,16974,0.4031,13,0
r01943,16999,0.1557,25,0
r01944,16999,0.2729,25,0
r01945,16999,0.9699,25,0
r01946,16999,0.3279,25,0
r01947,16999,0.1861,25,0
r01948,16999,0.2031,25,0
r01949,17007,0.1453,17,0
r01950,17007,0.1574,17,0
r01951,17007,0.1528,17,0
r01952,17007,0.1521,17,0
r01953,17007,0.1445,17,0
r01954,17007,0.5606,17,0
r01955,17007,0.7689,17,1
r01956,17007,0.1825,17,0
r01957,17008,0.9633,21,0
r01958,17008,0.1429,21,0
r01959,17008,0.1426,21,0
r01960,17008,0.1434,21,0
r01961,17008,0.9409,21,0
r01962,17008,0.9633,21,0
r01963,17008,0.1429,21,0
r01964,17008,0.1426,21,0
r01965,17008,0.1434,21,0
r01966,17008,0.9409,21,0
r01967,17008,0.9633,21,1
r01968,17008,0.1429,21,0
r01969,17008,0.1426,21,0
r01970,17008,0.1434,21,0
r01971,17008,0.9409,21,0
r01972,17009,0.4703,15,0
r01973,17009,0.3302,15,0
r01974,17009,0.1537,15,0
r01975,17009,0.1437,15,0
r01976,17021,0.2754,16,1
r01977,17021,0.1726,16,0
r01978,17026,0.1755,12,1
r01979,17026,0.1586,12,1
r01980,17026,0.1456,12,0
r01981,17026,0.1438,12,1
r01982,17026,0.148,12,0
r01983,17026,0.1558,12,0
r01984,17032,0.151,7,0
r01985,17032,0.142,7,0
r01986,17078,0.1711,8,0
r01987,17078,0.1545,8,0
r01988,17078,0.1555,8,0
r01989,17078,0.165,8,1
r01990,17078,0.168,8,0
r01991,17078,0.1491,8,0
r01992,17209,0.3029,20,0
r01993,17209,0.3246,20,0
r01994,17209,0.5291,20,0
r01995,17209,0.2091,20,0
r01996,17209,0.165,20,0
r01997,17209,0.5802,20,0
r01998,17209,0.5101,20,1
r01999,17209,0.1956,20,0
r02000,17209,0.2644,20,0
r02001,17209,0.2392,20,0
r02002,17209,0.1496,20,0
r02003,17209,0.1567,20,0
r02004,17209,0.8048,20,0
r02005,17211,0.8702,29,0
r02006,17211,0.1741,29,1
r02007,17211,0.8069,29,1
r02008,17211,0.2401,29,0
r02009,17211,0.4563,29,0
r02010,17211,0.8934,29,0
r02011,17211,0.3527,29,0
r02012,17211,0.1469,29,0
r02013,17211,0.143,29,0
r02014,17211,0.9234,29,0
r02015,17211,0.1489,29,0
r02016,17211,0.1493,29,0
r02017,17211,0.9151,29,0
r02018,17211,0.8702,29,0
r02019,17211,0.1741,29,1
r02020,17211,0.8069,29,1
r02021,17211,0.2401,29,0
r02022,17211,0.4563,29,1
r02023,17211,0.8934,29,0
r02024,17211,0.3527,29,0
r02025,17211,0.1469,29,0
r02026,17211,0.143,29,0
r02027,17211,0.9234,29,0
r02028,17211,0.1489,29,0
r02029,17211,0.1493,29,0
r02030,17211,0.9151,29,0
r02031,17223,0.7525,4,1
r02032,17306,0.3765,6,1
r02033,17327,0.1511,10,0
r02034,17337,0.151,11,1
r02035,17437,0.9972,11,0
r02036,17460,0.8613,16,0
r02037,17460,0.5598,16,1
r02038,17460,0.1489,16,1
r02039,17503,0.1439,13,0
r02040,17503,0.2934,13,1
r02041,17503,0.3269,13,0
