sample_id,edge,edge_confidence,label,difficulty_level
3,2->1,0.5150817997,0,easy
58,1->2,0.5375973145,1,med
59,2->3,0.5447928803,0,easy
60,2->3,0.8487870895,1,med
62,3->4,0.8256794881,1,med
65,2->1,0.4403456594,1,med
67,1->2,0.5527416717,1,med
68,3->2,0.7352714212,1,med
69,2->1,0.5444040462,0,easy
70,1->2,0.7988650515,1,med
70,2->1,0.5444040462,0,med
71,2->1,0.8309314785,1,med
72,2->1,0.4540365008,0,easy
73,2->1,0.9172911963,1,med
74,2->1,0.8236989336,0,easy
75,1->3,0.6001688145,1,med
75,4->2,0.3891820651,0,med
78,2->1,0.7392120806,1,med
79,2->1,0.8094049221,1,med
80,1->2,0.5473931057,0,med
80,2->1,0.7988650515,1,med
81,1->2,0.5473931057,0,easy
84,2->1,0.5106106318,0,easy
85,1->2,0.8141933265,1,med
85,2->1,0.5106106318,0,med
86,2->1,0.9475660507,0,easy
87,2->1,0.8322907191,1,med
88,2->1,0.5488319402,0,easy
89,4->1,0.4882398517,0,med
90,2->1,0.4999939231,0,easy
91,2->1,0.4999939231,0,med
93,2->1,0.5445107572,0,easy
94,2->1,0.5445107572,0,med
96,1->2,0.8141933265,1,med
98,2->4,0.7658482695,1,med
99,4->3,0.7772399409,1,med
102,2->1,0.5436552098,0,easy
103,1->2,0.8141933265,1,med
103,2->1,0.5436552098,0,med
104,2->4,0.7421553307,1,med
104,5->1,0.3969228808,0,med
105,2->1,0.4886180124,0,med
111,1->2,0.6131149611,0,easy
112,1->2,0.8715398608,1,med
113,4->1,0.5565229431,1,med
114,1->2,0.7988650515,1,med
114,2->1,0.5486217511,0,med
115,4->3,0.3682659086,0,easy
116,3->4,0.8347888828,1,med
116,4->3,0.3682659086,0,med
117,5->2,0.6363157556,0,med
118,5->2,0.6363157556,0,easy
119,1->3,0.4581153084,0,easy
120,1->3,0.7963825091,1,med
120,2->3,0.8256794881,1,med
121,1->2,0.5101051025,0,easy
123,3->2,0.4457595632,0,easy
124,2->3,0.6788601461,1,med
124,3->2,0.4457595632,0,med
125,1->2,0.8601672227,0,easy
126,1->2,0.9303948360,1,med
127,1->2,0.6491901548,0,easy
128,1->2,0.8840219721,1,med
129,4->3,0.4779855138,0,easy
130,4->3,0.4779855138,0,med
133,4->3,0.4266781246,0,easy
134,4->3,0.7858507844,1,med
137,3->1,0.4764685645,0,easy
138,1->3,0.8141933265,1,med
138,3->1,0.4764685645,0,med
139,4->3,0.6699594648,1,med
139,5->2,0.4458757585,0,med
140,2->1,0.5171860046,0,med
141,3->1,0.2913897665,0,easy
142,3->1,0.2913897665,0,med
144,1->3,0.6549941865,0,easy
145,1->3,0.8813171834,1,med
146,2->1,0.4798219320,0,med
148,1->2,0.5984473485,0,easy
149,1->2,0.5984473485,1,med
150,2->1,0.4163581804,1,med
151,2->1,0.5172663270,0,easy
152,2->3,0.9417325334,1,med
153,3->4,0.8347888828,1,med
153,4->3,0.3901515106,0,med
154,3->2,0.4802936033,0,easy
155,2->3,0.8256794881,1,med
155,3->2,0.4802936033,0,med
158,2->1,0.8698325982,1,med
159,1->2,0.7533532866,0,easy
159,2->1,0.8698325982,0,easy
160,4->1,0.3703639085,0,easy
161,4->1,0.3703639085,0,med
162,3->1,0.4161570263,0,easy
163,1->3,0.6599445582,1,med
163,3->1,0.4161570263,0,med
166,2->3,0.9141360296,1,med
167,2->1,0.5101051025,0,med
168,3->2,0.3669351600,1,med
168,5->4,0.3653841879,0,med
169,2->4,0.8347888828,1,med
169,4->2,0.4777797615,0,med
170,2->1,0.4591423178,0,easy
171,2->1,0.4591423178,0,med
174,2->1,0.7518341770,1,med
174,4->3,0.4434032681,0,med
175,2->1,0.4053274107,0,easy
175,4->3,0.4434032681,0,easy
176,1->2,0.6115556947,0,easy
177,1->2,0.8789570329,1,med
178,2->1,0.3895800427,0,easy
179,1->2,0.8141933265,1,med
179,2->1,0.3895800427,0,med
180,1->4,0.3924838937,0,med
180,2->3,0.5245617709,0,med
181,1->2,0.7988650515,1,med
181,2->1,0.4780540212,0,med
182,2->1,0.9049431916,1,med
183,2->1,0.7573001024,0,easy
184,2->1,0.3381926191,1,med
184,4->3,0.3122642388,0,med
185,2->1,0.3381926191,0,easy
185,4->3,0.3122642388,0,easy
190,1->2,0.8256794881,1,med
190,2->1,0.4183462542,0,med
191,2->1,0.5236851049,1,med
193,1->2,0.7369252678,1,med
194,1->4,0.6235243563,0,easy
194,2->3,0.5424589773,0,easy
195,1->4,0.6235243563,0,med
195,2->3,0.8262684648,1,med
196,2->3,0.5175871716,0,med
197,2->3,0.5175871716,0,easy
198,4->2,0.8440717913,0,easy
199,4->2,0.9287577178,1,med
200,2->1,0.9355233753,1,med
201,2->1,0.8702223091,0,easy
203,1->2,0.5375973145,1,med
205,2->3,0.8347888828,1,med
207,3->2,0.5449787903,0,easy
207,4->3,0.3891820651,0,easy
208,3->2,0.8550327523,1,med
208,4->3,0.3891820651,0,med
209,3->4,0.3707802668,1,med
210,1->2,0.7318904591,1,med
211,2->1,0.4763991625,0,easy
212,2->1,0.4763991625,0,med
213,3->1,0.8344023963,1,med
214,3->1,0.3929087426,0,easy
214,3->2,0.6336838029,0,easy
214,4->3,0.4289480360,0,easy
215,3->1,0.3929087426,0,med
215,3->2,0.6336838029,0,med
215,4->3,0.8058894197,1,med
216,2->1,0.5098516643,0,easy
217,1->2,0.8141933265,1,med
217,2->1,0.5098516643,0,med
218,3->2,0.3952903732,0,easy
219,3->2,0.3952903732,0,hard
221,1->3,0.3506386398,1,med
223,1->2,0.8141933265,1,med
225,1->2,0.8188537394,1,med
225,3->2,0.8479320476,1,med
226,2->3,0.8369010616,1,med
227,3->2,0.5372101096,0,easy
227,3->4,0.5210500529,0,easy
227,4->1,0.4170588200,0,easy
228,3->2,0.8617879787,1,med
228,3->4,0.5210500529,0,med
228,4->1,0.4170588200,0,med
229,2->1,0.8074622936,1,med
229,3->4,0.7357354311,0,med
233,1->2,0.6541269735,0,easy
234,1->2,0.8811164536,1,med
235,1->2,0.8141933265,1,med
236,1->2,0.8038917003,1,med
236,1->3,0.6097390393,0,med
237,2->1,0.8256794881,1,med
239,3->2,0.3819137370,0,med
239,4->1,0.8629353027,1,med
240,2->1,0.8426092984,1,med
242,1->2,0.5087885420,0,easy
243,1->2,0.8548602845,1,med
244,3->1,0.5201287061,0,med
245,2->3,0.4302535239,0,easy
246,2->3,0.8240486575,1,med
247,3->4,0.9116106061,0,med
249,1->2,0.6211851471,0,easy
250,1->2,0.8734398215,1,med
251,2->1,0.3522555489,0,easy
251,3->1,0.3485129294,0,easy
252,1->2,0.7533532866,1,med
252,2->1,0.3522555489,0,med
252,3->1,0.3485129294,0,med
253,2->1,0.4165087613,0,med
255,1->2,0.7763453817,1,med
256,3->1,0.8398393896,1,med
256,4->1,0.8508031510,1,med
257,3->1,0.4508448978,0,easy
257,4->1,0.4926264851,0,easy
258,4->1,0.4470307959,1,med
259,4->1,0.4470307959,0,easy
262,1->2,0.7120957704,1,med
263,1->3,0.5365250319,0,easy
263,3->2,0.4570648691,0,easy
264,3->2,0.3511349875,0,easy
265,3->2,0.3511349875,0,med
266,1->4,0.2543901440,0,easy
267,1->4,0.7156616180,1,med
268,1->2,0.3454656190,1,med
269,1->2,0.5151633005,0,easy
270,1->2,0.5151633005,1,med
271,2->1,0.7719467815,1,med
272,2->1,0.7719467815,0,easy
273,2->1,0.5563623431,1,med
275,1->2,0.7763453817,1,med
276,2->1,0.9111506634,1,med
277,2->1,0.9380457281,0,easy
280,1->3,0.8347888828,1,med
281,3->2,0.8256794881,1,med
282,2->1,0.4159554361,0,easy
283,1->2,0.8141933265,1,med
283,2->1,0.4159554361,0,med
284,2->3,0.5145854300,0,easy
285,2->3,0.5145854300,1,med
288,1->4,0.8633698118,1,med
290,1->2,0.8141933265,1,med
291,1->2,0.6542334112,1,med
292,2->1,0.5410226014,0,easy
293,1->2,0.8141933265,1,med
293,2->1,0.5410226014,0,med
295,1->2,0.8964998550,1,med
296,1->5,0.4651031867,0,med
296,4->2,0.8347888828,1,med
297,1->2,0.7327427577,0,easy
298,1->2,0.8946914664,1,med
299,2->1,0.8323279760,1,med
299,5->3,0.3443088470,0,med
300,2->1,0.5171355393,0,easy
300,5->3,0.3443088470,0,easy
301,2->1,0.5905550578,0,med
302,1->2,0.5647532330,0,easy
303,1->2,0.8539010032,1,med
304,2->1,0.2927219549,1,med
304,4->1,0.2931661824,1,med
304,5->3,0.2930678141,0,med
305,2->1,0.2927219549,0,easy
305,4->1,0.2931661824,0,easy
305,5->3,0.2930678141,0,easy
306,1->2,0.7230050961,0,easy
307,1->2,0.9005229842,1,med
308,4->2,0.3256817466,0,easy
309,4->2,0.3256817466,0,med
310,2->1,0.5116998438,0,med
312,1->2,0.9116106061,1,med
313,1->2,0.4638919481,0,easy
314,1->2,0.8267763818,1,med
315,3->1,0.3490971526,0,easy
315,4->2,0.3443782669,0,easy
316,1->3,0.7763453817,1,med
316,3->1,0.3490971526,0,med
316,4->2,0.3443782669,0,med
320,2->3,0.7191760708,1,med
320,3->2,0.3926965872,0,med
321,2->1,0.4855606674,0,med
321,3->2,0.4762602400,0,med
322,2->3,0.6474468268,1,med
323,2->3,0.5615059926,0,easy
324,2->3,0.5615059926,1,med
325,1->3,0.6928993564,0,med
326,2->1,0.5806870639,1,med
327,1->3,0.7421553307,1,med
327,4->1,0.4447080432,0,med
328,2->1,0.8196236060,1,med
328,3->4,0.4934772010,0,med
329,2->1,0.3813727446,0,easy
329,3->4,0.4934772010,0,easy
330,2->1,0.8342680663,1,med
330,4->3,0.3459210338,0,med
331,2->1,0.4307091714,0,easy
331,4->3,0.3459210338,0,easy
332,1->3,0.4557997628,0,easy
333,1->3,0.8046071151,1,med
334,2->1,0.8847502053,1,med
334,2->4,0.4863313790,0,med
335,4->3,0.3786142116,0,easy
336,1->2,0.4601627536,1,med
336,4->3,0.3786142116,0,med
337,4->3,0.3890489745,0,med
338,4->3,0.3890489745,0,easy
339,3->2,0.2799029743,1,hard
339,4->1,0.3848803708,0,hard
340,1->3,0.5298019623,1,hard
341,3->2,0.3600184584,0,hard
341,4->1,0.3272294830,1,hard
342,3->2,0.3600184584,0,easy
342,4->1,0.3272294830,0,easy
343,1->4,0.3501251552,0,med
343,3->2,0.3446124743,1,med
345,2->1,0.6372822418,1,med
345,3->1,0.5643309525,1,med
345,3->2,0.7838099475,0,med
346,2->1,0.6372822418,0,easy
346,3->1,0.5643309525,0,easy
346,3->2,0.8828273591,0,easy
347,2->1,0.3300963102,0,easy
348,2->1,0.3300963102,0,med
349,2->1,0.8163331675,1,med
350,2->1,0.3470758196,0,easy
351,3->1,0.8198225637,1,med
352,3->1,0.4161570263,0,easy
353,2->1,0.2916693109,0,easy
353,3->1,0.2916693109,0,easy
353,3->2,0.2926723452,0,easy
353,3->4,0.7025737104,0,easy
353,4->2,0.2917452678,0,easy
354,1->4,0.8256794881,1,med
354,2->1,0.2916693109,0,med
354,2->4,0.6599445582,0,med
354,3->1,0.7318751836,0,med
354,3->2,0.2926723452,0,med
354,3->4,0.7012375489,1,med
354,4->2,0.2917452678,0,med
356,2->1,0.4774572350,0,easy
357,2->1,0.4459809423,0,easy
358,2->1,0.4459809423,1,hard
358,2->3,0.8141933265,1,hard
359,2->4,0.3033185347,0,easy
359,3->2,0.4972875617,0,easy
359,3->4,0.4629098918,0,easy
360,2->4,0.3033185347,0,med
360,3->2,0.8478601521,1,med
360,3->4,0.4629098918,0,med
361,2->1,0.5108627265,0,easy
362,1->2,0.8256794881,1,med
362,2->1,0.5108627265,0,med
363,4->2,0.8486530189,1,med
363,4->3,0.5771567150,0,med
364,2->3,0.8696470109,1,hard
364,4->3,0.5483487113,1,hard
365,2->3,0.5863754662,0,easy
366,3->1,0.4365469800,0,med
366,4->1,0.8027106619,1,med
366,4->3,0.9062006030,0,med
367,2->1,0.5476141919,1,hard
367,2->3,0.4242111580,0,hard
367,3->1,0.5386924811,1,hard
367,4->1,0.8480159746,1,hard
367,4->2,0.4560865087,1,hard
367,4->3,0.4449216546,0,hard
368,2->1,0.5476141919,0,easy
368,2->3,0.4242111580,0,easy
368,3->1,0.5386924811,0,easy
368,4->1,0.4817389940,0,easy
368,4->2,0.4560865087,0,easy
368,4->3,0.7963571505,0,easy
369,2->1,0.4178531746,0,easy
369,3->2,0.5201007338,0,easy
369,4->1,0.4153987947,0,easy
369,4->2,0.5125082898,0,easy
369,4->3,0.4222484725,0,easy
370,2->1,0.4178531746,0,hard
370,2->3,0.7763453817,1,hard
370,3->2,0.5201007338,0,hard
370,4->1,0.4153987947,0,hard
370,4->2,0.5125082898,0,hard
370,4->3,0.4222484725,1,hard
371,1->2,0.4173975974,1,med
374,1->2,0.7202200944,1,hard
374,2->3,0.7842255392,1,hard
374,6->3,0.6193425904,1,hard
375,6->3,0.3077722290,0,easy
376,5->3,0.4341624189,0,easy
376,5->4,0.3902390772,0,easy
377,5->3,0.4341624189,0,med
377,5->4,0.3902390772,0,med
378,4->1,0.7527080700,1,med
378,4->2,0.4827573070,0,med
378,5->4,0.4769532758,0,med
379,2->1,0.9018519440,1,med
379,5->4,0.4553748628,0,med
380,2->1,0.7159829059,0,easy
380,5->4,0.4553748628,0,easy
381,1->4,0.4601627536,1,hard
381,2->1,0.7054313014,0,hard
381,2->3,0.5970746222,0,hard
381,4->1,0.4172082756,0,hard
381,4->2,0.4167591899,0,hard
381,4->5,0.5021637074,1,hard
382,1->3,0.8256794881,0,easy
382,1->4,0.4586261147,0,easy
383,1->3,0.8256794881,1,med
383,1->4,0.4586261147,0,med
384,2->1,0.2526517760,0,hard
384,4->3,0.2515250882,0,hard
385,1->4,0.8422904788,1,hard
385,4->1,0.3457513942,0,hard
385,4->2,0.8118324901,1,hard
386,4->1,0.3457513942,0,hard
386,4->2,0.4825077820,1,hard
387,3->2,0.4399665981,0,easy
388,1->2,0.5375973145,1,med
388,3->2,0.8268953335,0,med
388,4->2,0.8141933265,1,med
389,2->1,0.4337351611,1,med
389,4->1,0.4251320690,1,med
389,4->3,0.4375796300,0,med
391,3->4,0.7318904591,1,med
392,1->4,0.3944445474,1,hard
392,6->3,0.3672796492,0,hard
392,6->5,0.3688663913,0,hard
393,1->4,0.7692583146,1,hard
393,6->3,0.3672796492,0,hard
393,6->5,0.3688663913,0,hard
394,1->2,0.4694405812,0,easy
394,5->3,0.4220594598,0,easy
395,1->2,0.4694405812,1,hard
395,2->5,0.8347888828,1,hard
395,4->5,0.8347888828,1,hard
395,5->3,0.4220594598,0,hard
397,1->2,0.8347888828,1,med
398,1->5,0.5156551689,0,easy
398,4->2,0.5824757323,0,easy
398,4->5,0.4544103078,0,easy
399,1->5,0.5156551689,0,med
399,4->2,0.8583636973,1,med
399,4->5,0.4544103078,0,med
400,4->1,0.4441193218,0,med
401,2->1,0.6915374320,0,easy
401,3->2,0.3666275862,0,easy
401,4->3,0.4469716074,0,easy
401,4->5,0.5197773671,0,easy
402,2->1,0.3688663913,0,med
402,2->3,0.7763453817,1,med
402,3->2,0.3666275862,0,med
402,4->3,0.4469716074,1,med
402,4->5,0.5197773671,0,med
403,2->1,0.3899760973,0,hard
403,3->1,0.3906755203,0,hard
403,3->2,0.3892263806,0,hard
403,5->1,0.3915846224,0,hard
403,5->2,0.3965988439,0,hard
403,5->4,0.3892706720,0,hard
404,1->4,0.5884267263,1,hard
404,2->1,0.3899760973,0,hard
404,3->1,0.3906755203,0,hard
404,3->2,0.3892263806,0,hard
404,5->1,0.3915846224,0,hard
404,5->2,0.3965988439,0,hard
404,5->4,0.6890822704,0,hard
405,2->1,0.3899760973,0,hard
405,3->1,0.3906755203,0,hard
405,3->2,0.3892263806,0,hard
405,5->1,0.3915846224,0,hard
405,5->2,0.3965988439,0,hard
405,5->4,0.3892706720,0,hard
406,2->1,0.3831107565,0,hard
406,2->4,0.7658482695,1,hard
406,3->2,0.3703835211,1,hard
406,4->1,0.3821987577,0,hard
407,3->5,0.3964770163,0,easy
407,4->3,0.3891377257,0,easy
408,1->5,0.6017410390,0,easy
408,2->1,0.6250722946,0,easy
408,2->4,0.4164585947,0,easy
408,3->5,0.4280225931,0,easy
408,5->4,0.4186898804,0,easy
409,1->5,0.6017410390,0,med
409,2->1,0.4157534074,0,med
409,2->4,0.4164585947,0,med
409,3->5,0.4280225931,0,med
409,5->4,0.4186898804,0,med
410,3->1,0.4179519975,0,easy
410,3->2,0.4176056611,0,easy
410,5->4,0.4158544767,0,easy
411,1->3,0.7758791874,1,med
411,2->3,0.7421553307,1,med
411,3->1,0.4179519975,0,med
411,3->2,0.4176056611,0,med
411,5->4,0.4158544767,0,med
412,5->1,0.6108211846,1,hard
413,1->4,0.8256794881,0,hard
413,5->1,0.6224535721,1,hard
414,1->4,0.7988650515,1,hard
414,5->1,0.2524817094,1,hard
415,2->1,0.4166590991,0,easy
416,1->3,0.7318904591,1,med
416,2->1,0.4166590991,0,med
416,2->3,0.7318904591,1,med
417,1->3,0.5283947390,1,hard
417,2->3,0.5879777890,1,hard
417,3->1,0.4241185889,0,hard
417,3->2,0.4169091251,0,hard
417,3->4,0.6328373952,1,hard
417,4->3,0.4223428402,0,hard
418,3->4,0.7276703331,1,med
418,5->4,0.8023599446,1,med
418,7->6,0.4950023115,0,med
419,1->2,0.7079081654,1,hard
419,2->3,0.6701322233,0,hard
419,3->2,0.3256202184,0,hard
419,4->1,0.6503218615,1,hard
419,4->5,0.7421553307,0,hard
419,5->3,0.8175130586,0,hard
419,5->4,0.3255586259,0,hard
420,1->2,0.7079081654,1,hard
420,2->3,0.6328373952,1,hard
420,3->2,0.3256202184,0,hard
420,4->1,0.6852485452,1,hard
420,4->5,0.8347888828,0,hard
420,5->3,0.7875996047,0,hard
420,5->4,0.3255586259,0,hard
421,5->1,0.4919107190,0,hard
422,5->1,0.4919107190,0,hard
424,1->3,0.5375973145,1,hard
425,1->4,0.4207258664,1,med
425,5->4,0.8676635850,1,med
426,4->3,0.3889156665,0,hard
427,1->3,0.8256794881,0,med
427,2->4,0.4254980297,0,med
427,4->3,0.7318904591,0,med
428,1->4,0.4180507167,0,easy
428,5->1,0.7730535826,0,easy
428,5->4,0.5935405798,0,easy
428,6->3,0.4175064726,0,easy
429,1->4,0.4180507167,0,med
429,2->3,0.4601627536,1,med
429,5->1,0.5427670915,0,med
429,5->4,0.5935405798,0,med
429,6->3,0.6864346841,0,med
430,2->1,0.4980207301,0,hard
430,2->5,0.5101618856,0,hard
430,3->2,0.3895359183,0,hard
431,1->5,0.7191760708,1,hard
431,2->1,0.4980207301,1,hard
431,2->5,0.8078656182,1,hard
431,3->2,0.3895359183,0,hard
432,2->1,0.4980207301,1,hard
432,2->5,0.5101618856,1,hard
432,2->6,0.5048362223,1,hard
432,3->2,0.3895359183,0,hard
433,3->4,0.7025737104,0,hard
433,3->6,0.7988650515,1,hard
433,4->1,0.7600647260,1,hard
433,5->1,0.7668073253,1,hard
433,5->4,0.3659307854,0,hard
433,6->2,0.3697212264,0,hard
433,6->3,0.3664346955,0,hard
433,6->5,0.8237422713,1,hard
434,4->1,0.3905775832,1,hard
434,5->1,0.4084896075,1,hard
434,5->4,0.3659307854,0,hard
434,6->2,0.3697212264,1,hard
434,6->3,0.3664346955,0,hard
434,6->5,0.4534439803,1,hard
435,3->6,0.7191760708,1,hard
435,4->1,0.3905775832,0,hard
435,5->1,0.4084896075,0,hard
435,5->4,0.3659307854,0,hard
435,6->2,0.3697212264,0,hard
435,6->3,0.3664346955,0,hard
435,6->5,0.8307634949,1,hard
436,2->1,0.3251566914,0,med
436,5->4,0.3254352468,0,med
437,1->3,0.6788601461,1,med
437,2->3,0.4258101871,0,med
437,3->1,0.3341097468,0,med
437,4->3,0.3367396957,0,med
437,5->3,0.3251877075,0,med
437,6->3,0.3343240368,0,med
437,6->4,0.3345376273,0,med
438,1->6,0.4858006118,0,med
438,2->1,0.5712672516,1,med
438,3->1,0.4554280639,0,med
439,1->6,0.4858006118,0,easy
439,3->1,0.4554280639,0,easy
440,1->2,0.7758791874,1,hard
440,5->2,0.6753983567,1,hard
441,5->2,0.3682659086,0,hard
442,3->2,0.4955396544,0,med
442,6->1,0.7763453817,1,med
442,6->3,0.5746626058,0,med
442,7->6,0.4774360709,0,med
443,1->4,0.5884245838,0,easy
443,1->5,0.8109363868,0,easy
443,2->1,0.4269034648,0,easy
443,2->4,0.4272629520,0,easy
444,1->2,0.8347888828,1,med
444,1->4,0.5884245838,0,med
444,1->5,0.8109363868,0,med
444,2->1,0.4269034648,0,med
444,2->4,0.4272629520,0,med
445,4->1,0.3753828547,0,easy
445,5->2,0.4638604185,0,easy
445,5->3,0.4695899507,0,easy
446,4->1,0.3753828547,0,med
446,5->2,0.8433353155,1,med
446,5->3,0.4695899507,0,med
447,2->4,0.4285003169,0,easy
448,2->4,0.4285003169,0,med
449,4->2,0.4736634019,1,hard
449,4->3,0.8437406090,1,hard
449,5->3,0.4176552161,1,hard
450,4->2,0.4736634019,1,hard
450,4->3,0.4653881480,0,hard
450,5->3,0.4176552161,0,hard
451,2->1,0.3895359183,0,easy
451,2->5,0.3896682201,0,easy
451,3->2,0.4925513269,0,easy
451,4->2,0.4311636523,0,easy
452,2->1,0.3895359183,0,med
452,2->5,0.3896682201,0,med
452,3->2,0.8542674909,1,med
452,4->2,0.7185551195,1,med
453,2->1,0.3720861198,0,hard
453,4->1,0.8156659212,1,hard
453,4->2,0.3657750334,0,hard
453,5->4,0.3659696715,0,hard
454,2->1,0.3720861198,0,hard
454,2->3,0.7988650515,1,hard
454,3->5,0.7025737104,1,hard
454,4->1,0.4604151919,0,hard
454,4->2,0.3657750334,0,hard
454,4->5,0.6313153022,1,hard
454,5->4,0.3659696715,0,hard
456,2->1,0.3180727014,1,hard
456,2->3,0.3393029363,0,hard
456,2->4,0.3297154059,0,hard
456,5->6,0.3122128640,1,hard
457,2->1,0.4045717901,0,med
457,6->1,0.3958243447,0,med
458,2->1,0.8013187358,1,hard
458,5->4,0.2776818776,0,hard
459,1->3,0.6701322233,0,easy
459,2->1,0.7968706258,0,easy
459,2->3,0.7421553307,0,easy
459,5->4,0.2776818776,0,easy
460,1->4,0.8589179837,1,hard
460,2->1,0.3079114604,0,hard
460,5->3,0.3114365227,0,hard
460,5->6,0.3091484313,0,hard
460,7->1,0.6699863675,1,hard
461,2->1,0.3079114604,0,hard
461,5->3,0.3114365227,0,hard
461,5->6,0.7337675308,1,hard
461,7->1,0.3084922795,1,hard
462,1->8,0.7763453817,1,hard
462,2->1,0.3079114604,0,hard
462,2->8,0.4258101871,1,hard
462,5->3,0.3114365227,0,hard
462,5->6,0.3091484313,0,hard
462,7->1,0.3084922795,1,hard
463,2->1,0.6316133616,1,hard
463,3->5,0.8089723886,1,hard
463,5->1,0.6112430977,1,hard
463,5->4,0.3584736790,0,hard
463,6->3,0.8155561451,1,hard
463,6->5,0.7852663110,1,hard
464,2->1,0.2930185556,0,hard
464,3->5,0.3362509482,1,hard
464,5->1,0.2933867906,0,hard
464,5->4,0.3584736790,0,hard
464,6->3,0.3557887176,1,hard
464,6->5,0.3569597526,1,hard
465,2->1,0.2930185556,0,hard
465,3->5,0.7607757013,1,hard
465,5->1,0.2933867906,0,hard
465,5->4,0.7695838124,1,hard
465,6->3,0.7685452987,1,hard
465,6->5,0.7689990711,1,hard
466,2->1,0.2930185556,0,hard
466,3->5,0.8089723886,1,hard
466,5->1,0.2933867906,0,hard
466,5->4,0.3584736790,0,hard
466,6->3,0.8640871379,1,hard
466,6->5,0.8159398246,1,hard
467,3->5,0.3600184584,1,hard
467,3->8,0.3389223358,0,hard
467,5->4,0.3259884269,0,hard
467,6->3,0.3256509906,0,hard
467,8->4,0.3252496904,0,hard
467,8->7,0.3307501822,0,hard
468,3->5,0.3600184584,1,hard
468,3->8,0.3389223358,0,hard
468,5->4,0.3259884269,0,hard
468,6->3,0.3256509906,0,hard
468,8->4,0.3252496904,0,hard
468,8->7,0.3307501822,0,hard
469,3->5,0.7613618887,1,hard
469,3->8,0.8004789218,1,hard
469,5->4,0.6044142773,1,hard
469,6->3,0.3256509906,0,hard
469,8->4,0.6632498942,1,hard
469,8->5,0.5021637074,0,hard
469,8->7,0.3307501822,0,hard
470,3->5,0.3600184584,1,hard
470,3->6,0.7988650515,1,hard
470,3->8,0.3389223358,0,hard
470,5->4,0.3259884269,0,hard
470,6->3,0.3256509906,0,hard
470,8->4,0.3252496904,0,hard
470,8->7,0.3307501822,0,hard
471,3->5,0.3600184584,0,hard
471,3->8,0.3389223358,1,hard
471,5->4,0.3259884269,0,hard
471,6->3,0.3256509906,0,hard
471,8->4,0.3252496904,0,hard
471,8->7,0.3307501822,1,hard
472,1->4,0.2691971651,0,easy
472,3->2,0.3186578789,0,easy
472,6->3,0.2637874283,0,easy
472,7->5,0.2894823869,0,easy
472,7->6,0.2637240726,0,easy
472,8->2,0.2743286261,0,easy
472,8->3,0.2638927977,0,easy
473,1->4,0.2691971651,0,med
473,3->2,0.7775135871,1,med
473,6->3,0.2637874283,0,med
473,7->5,0.2894823869,0,med
473,7->6,0.2637240726,0,med
473,8->2,0.2743286261,0,med
473,8->3,0.2638927977,0,med
474,2->1,0.3274089545,0,hard
474,4->3,0.4295217567,0,hard
474,4->5,0.4925065093,1,hard
474,5->1,0.7764320542,1,hard
474,5->2,0.3388473463,0,hard
474,5->4,0.3255278054,0,hard
475,1->2,0.8256794881,1,hard
475,2->1,0.3274089545,0,hard
475,4->3,0.4295217567,0,hard
475,4->5,0.5021637074,1,hard
475,5->1,0.7819254131,1,hard
475,5->2,0.6298617363,0,hard
475,5->4,0.3255278054,0,hard
476,1->2,0.4826651722,1,hard
476,2->3,0.5825983062,0,hard
476,5->1,0.4079750000,0,hard
476,6->4,0.4045861190,0,hard
477,1->2,0.4826651722,1,hard
477,2->3,0.5825983062,0,hard
477,5->1,0.4079750000,0,hard
477,6->4,0.4045861190,0,hard
478,6->4,0.4184936760,0,easy
478,6->5,0.4167591899,0,easy
479,4->1,0.3442741092,0,hard
479,5->2,0.3542649909,0,hard
479,5->4,0.3508520199,0,hard
479,5->6,0.8541143138,1,hard
479,7->6,0.7714621223,1,hard
479,8->7,0.3443088470,1,hard
480,2->1,0.3657750334,0,easy
480,6->5,0.3677364792,0,easy
480,8->3,0.3653841879,0,easy
481,1->2,0.7369252678,1,med
481,2->1,0.3657750334,0,med
481,6->5,0.3677364792,0,med
481,8->3,0.3653841879,0,med
482,5->3,0.3130546127,0,hard
482,6->4,0.3205789392,1,hard
482,7->6,0.3738952028,1,hard
483,2->1,0.3475940005,0,hard
484,2->1,0.3475940005,0,hard
485,2->1,0.3475940005,0,hard
485,2->6,0.7025737104,1,hard
486,1->3,0.8136756976,1,med
486,2->1,0.2935333135,0,med
487,2->6,0.4239331870,0,med
488,2->6,0.4239331870,0,easy
489,2->1,0.2656632937,1,med
489,3->2,0.2636606159,0,med
489,4->8,0.2639138382,0,med
489,6->5,0.2868755355,0,med
489,7->1,0.3093462122,1,med
490,1->6,0.3354916545,0,easy
490,8->1,0.2916186061,0,easy
490,9->1,0.2915678474,0,easy
491,1->6,0.3354916545,1,hard
491,1->8,0.8589179837,1,hard
491,8->1,0.2916186061,0,hard
491,9->1,0.2915678474,0,hard
492,4->3,0.2605332105,0,med
493,3->1,0.4165087613,0,easy
493,5->3,0.4193247458,0,easy
494,1->2,0.6719823380,1,med
494,3->1,0.4165087613,0,med
494,5->3,0.4193247458,0,med
495,4->5,0.7507376697,1,med
495,5->4,0.3911962273,0,med
496,1->5,0.3743402680,0,hard
496,2->1,0.8044320198,1,hard
496,4->1,0.7528707900,1,hard
496,5->2,0.3253425420,1,hard
496,5->4,0.3580154501,1,hard
497,1->5,0.4828234716,0,med
497,2->1,0.4446493184,0,med
498,6->1,0.3277365989,0,easy
498,7->3,0.3249391169,0,easy
499,1->6,0.8486364222,1,med
499,6->1,0.3277365989,0,med
499,7->3,0.3249391169,0,med
500,4->3,0.4368458875,0,easy
500,4->5,0.4313080497,0,easy
500,6->5,0.3940452322,0,easy
500,7->3,0.4425970234,0,easy
500,7->5,0.4550807239,0,easy
501,4->3,0.4368458875,0,hard
501,4->5,0.7987592199,1,hard
501,6->5,0.7724034597,1,hard
501,7->3,0.4425970234,0,hard
501,7->5,0.8478164232,1,hard
503,4->3,0.5682192821,1,hard
503,5->3,0.7200856149,1,hard
503,7->2,0.2405647257,0,hard
504,4->3,0.2408294004,1,hard
504,5->3,0.2463500394,1,hard
504,7->2,0.2405647257,0,hard
505,2->6,0.3173946910,0,hard
505,3->2,0.3073804190,0,hard
505,7->1,0.3097160758,1,hard
506,2->6,0.3173946910,0,easy
506,3->2,0.8024155668,0,easy
506,7->1,0.3097160758,0,easy
507,5->3,0.2952150253,1,hard
507,7->4,0.2636606159,0,hard
507,7->5,0.2643739523,0,hard
507,8->6,0.2744612228,0,hard
508,5->3,0.2952150253,1,hard
508,6->8,0.5327847368,1,hard
508,7->4,0.2636606159,0,hard
508,7->5,0.2643739523,0,hard
508,8->6,0.2744612228,0,hard
509,2->1,0.3458532303,0,easy
509,3->1,0.3475609487,0,easy
509,4->1,0.3447587590,0,easy
509,5->2,0.4672007234,0,easy
509,5->3,0.3548629861,0,easy
510,2->1,0.3458532303,1,hard
510,3->1,0.3475609487,0,hard
510,4->1,0.3447587590,1,hard
510,5->2,0.5571979172,0,hard
510,5->3,0.3548629861,0,hard
512,3->2,0.2794893303,1,hard
512,6->5,0.2780447740,0,hard
512,7->5,0.2923736178,0,hard
512,7->6,0.2839284274,0,hard
513,3->2,0.2794893303,0,hard
513,6->5,0.2780447740,1,hard
513,7->5,0.6614517183,1,hard
513,7->6,0.2839284274,1,hard
515,1->5,0.3818820091,0,easy
515,3->4,0.5133998725,0,easy
515,4->5,0.4118165437,0,easy
516,1->5,0.8197830720,1,hard
516,3->4,0.8560014058,1,hard
516,4->2,0.4672007234,0,hard
516,4->5,0.7851703154,1,hard
517,2->5,0.3443088470,0,easy
517,3->2,0.3440652916,0,easy
517,6->5,0.3442393529,0,easy
518,2->3,0.7507376697,1,med
518,2->5,0.3443088470,0,med
518,3->2,0.3440652916,0,med
518,6->5,0.3442393529,0,med
521,1->2,0.5066901473,0,easy
521,3->1,0.4767457781,0,easy
521,3->2,0.4936773642,0,easy
522,1->2,0.5066901473,1,med
522,3->1,0.4767457781,0,med
522,3->2,0.4936773642,0,med
523,3->2,0.4109357046,0,easy
523,5->2,0.4402371441,0,easy
523,6->5,0.3890489745,0,easy
524,3->2,0.7445119539,1,med
524,5->2,0.8269738987,0,med
524,6->5,0.3890489745,0,med
526,1->4,0.4911262450,0,easy
526,2->1,0.3655798734,0,easy
527,1->2,0.8347888828,1,med
527,1->4,0.4911262450,0,med
527,2->1,0.3655798734,0,med
528,3->1,0.7658482695,1,med
532,2->1,0.2421567056,0,hard
532,2->6,0.5647215204,0,hard
532,6->1,0.2408118197,0,hard
533,2->1,0.2421567056,0,hard
533,2->6,0.6412020903,1,hard
533,6->1,0.2408118197,0,hard
534,1->3,0.7069021340,0,easy
534,2->1,0.3889156665,0,easy
534,2->4,0.3926540917,0,easy
534,2->5,0.3905012200,0,easy
535,1->3,0.8884975951,1,med
535,2->1,0.3889156665,0,med
535,2->4,0.3926540917,0,med
535,2->5,0.3905012200,0,med
536,1->2,0.4252236868,1,med
537,2->1,0.4160562859,0,easy
538,1->2,0.7369252678,1,med
538,2->1,0.4160562859,0,med
539,3->2,0.4778483840,0,easy
540,1->2,0.6282833948,0,easy
540,6->4,0.3276932380,0,easy
541,1->2,0.2823097630,1,med
541,6->4,0.3276932380,0,med
542,1->3,0.9049959850,1,hard
542,3->2,0.3676985177,0,hard
542,3->5,0.8001269105,1,hard
542,5->2,0.7853014482,1,hard
543,1->3,0.8256794881,1,hard
543,3->2,0.3676985177,0,hard
543,3->5,0.4250175168,0,hard
543,5->2,0.4250833596,0,hard
544,1->3,0.8256794881,1,hard
544,3->2,0.3676985177,0,hard
544,3->5,0.8001269105,1,hard
544,5->2,0.4250833596,0,hard
545,10->7,0.2907893295,0,hard
545,2->8,0.3915684621,1,hard
545,3->2,0.2527672335,0,hard
545,5->6,0.2558976272,0,hard
545,8->2,0.2560914601,0,hard
545,8->3,0.2521157250,0,hard
546,10->7,0.2907893295,0,hard
546,3->2,0.2527672335,0,hard
546,5->6,0.6690451376,1,hard
546,6->10,0.7753213196,1,hard
546,7->10,0.7037109426,1,hard
546,8->2,0.2560914601,0,hard
546,8->3,0.2521157250,0,hard
547,3->2,0.2917705600,0,easy
547,4->3,0.2943554884,0,easy
548,1->3,0.8422904788,1,med
548,2->3,0.8422904788,1,med
548,3->2,0.2917705600,0,med
548,4->3,0.2943554884,0,med
549,2->6,0.3136140203,0,hard
549,3->2,0.2914152473,0,hard
549,3->4,0.2953292143,0,hard
549,5->4,0.3330675685,0,hard
549,5->6,0.8141933265,0,hard
550,2->4,0.7645202257,1,hard
550,3->2,0.2914152473,0,hard
550,3->4,0.2953292143,0,hard
550,5->4,0.8148947127,1,hard
551,3->2,0.2914152473,0,hard
551,3->4,0.2953292143,0,hard
551,5->4,0.3330675685,0,hard
551,5->6,0.8256794881,1,hard
552,5->6,0.7132530218,1,med
552,5->7,0.4532527317,0,med
552,8->5,0.2920227522,0,med
553,1->2,0.7533532866,0,hard
553,1->5,0.1972363324,0,hard
553,2->7,0.2230045252,0,hard
553,5->6,0.2183194651,0,hard
554,10->1,0.3392214929,1,hard
554,3->2,0.7025737104,0,hard
554,7->5,0.3247519770,0,hard
554,8->9,0.4225403809,0,hard
555,10->1,0.3392214929,0,hard
555,3->1,0.8486364222,0,hard
555,7->5,0.3247519770,0,hard
555,8->9,0.4225403809,0,hard
557,1->2,0.8555410907,1,med
557,1->3,0.3733299512,0,med
557,4->3,0.4628060829,0,med
558,2->3,0.3674322401,0,hard
558,3->2,0.7645202257,1,hard
558,4->2,0.7884766365,1,hard
558,4->3,0.8215534404,1,hard
559,2->1,0.4020890301,0,hard
559,2->4,0.4722373546,0,hard
559,5->3,0.7564934653,1,hard
559,5->4,0.3559926487,0,hard
559,6->5,0.6175773106,0,hard
559,7->3,0.4601627536,0,hard
559,7->5,0.6255686083,1,hard
559,7->6,0.3415704029,0,hard
560,2->1,0.4020890301,0,hard
560,2->4,0.8360117727,1,hard
560,5->3,0.3478496191,0,hard
560,5->4,0.7538911540,1,hard
560,6->5,0.3367912537,0,hard
560,7->5,0.3306652829,1,hard
560,7->6,0.3415704029,0,hard
561,4->3,0.2771087820,0,easy
561,7->5,0.4340810661,0,easy
561,7->6,0.3499849511,0,easy
562,4->3,0.2771087820,0,hard
562,7->5,0.8307188852,1,hard
562,7->6,0.3499849511,1,hard
563,2->1,0.6496043264,0,easy
563,3->1,0.6498124393,0,easy
563,4->2,0.8115869147,0,easy
564,2->1,0.6496043264,0,hard
564,3->1,0.6498124393,0,hard
564,4->2,0.3898003089,0,hard
565,1->2,0.7758791874,1,hard
565,1->4,0.5101295764,0,hard
565,2->1,0.3655016625,0,hard
565,3->1,0.3660473814,0,hard
565,3->2,0.5079058396,1,hard
565,4->1,0.3654233672,0,hard
565,4->2,0.8165598883,0,hard
565,4->3,0.3681527769,1,hard
566,1->4,0.4516383843,0,easy
566,2->1,0.3655016625,0,easy
566,3->1,0.3660473814,0,easy
566,3->2,0.5079058396,0,easy
566,4->1,0.3654233672,0,easy
566,4->2,0.5094620885,0,easy
566,4->3,0.3681527769,0,easy
567,1->2,0.4032663020,0,easy
567,4->3,0.5852423831,0,easy
568,1->2,0.7974857724,1,med
568,4->3,0.5852423831,0,med
569,3->2,0.3370355954,1,hard
569,7->3,0.3066545889,0,hard
569,7->4,0.3070560511,0,hard
569,7->6,0.4151225696,0,hard
569,7->8,0.8256794881,0,hard
569,8->3,0.7381149055,1,hard
569,8->4,0.3102705721,0,hard
569,8->6,0.3121837413,0,hard
569,8->7,0.2916946433,0,hard
569,9->4,0.2988075337,0,hard
569,9->6,0.4134963565,0,hard
569,9->8,0.7911026398,1,hard
570,3->2,0.3370355954,0,hard
570,7->3,0.3066545889,0,hard
570,7->4,0.3070560511,0,hard
570,7->6,0.4151225696,0,hard
570,7->8,0.8256794881,0,hard
570,7->9,0.3850335721,0,hard
570,8->3,0.7232569355,1,hard
570,8->4,0.3102705721,0,hard
570,8->6,0.3121837413,0,hard
570,8->7,0.2916946433,0,hard
570,9->4,0.2988075337,0,hard
570,9->6,0.4134963565,0,hard
570,9->8,0.7911026398,1,hard
571,3->2,0.3370355954,0,hard
571,7->3,0.3066545889,0,hard
571,7->4,0.3070560511,0,hard
571,7->6,0.4151225696,0,hard
571,8->3,0.3050810358,0,hard
571,8->4,0.3102705721,1,hard
571,8->6,0.3121837413,0,hard
571,8->7,0.2916946433,0,hard
571,9->4,0.2988075337,0,hard
571,9->6,0.4134963565,0,hard
571,9->8,0.3135635499,1,hard
572,3->2,0.3370355954,0,hard
572,7->3,0.3066545889,0,hard
572,7->4,0.3070560511,0,hard
572,7->6,0.4151225696,1,hard
572,7->8,0.8141933265,0,hard
572,8->3,0.3050810358,0,hard
572,8->4,0.3102705721,0,hard
572,8->6,0.3121837413,0,hard
572,8->7,0.2916946433,0,hard
572,9->4,0.2988075337,0,hard
572,9->6,0.4134963565,1,hard
572,9->8,0.8366038591,0,hard
573,3->2,0.3370355954,0,hard
573,7->3,0.3066545889,0,hard
573,7->4,0.3070560511,0,hard
573,7->6,0.4151225696,0,hard
573,7->8,0.7191760708,0,hard
573,8->3,0.3050810358,0,hard
573,8->4,0.3102705721,0,hard
573,8->6,0.3121837413,0,hard
573,8->7,0.2916946433,0,hard
573,9->4,0.2988075337,0,hard
573,9->6,0.4134963565,0,hard
573,9->8,0.7845995682,1,hard
574,3->1,0.5221263930,1,hard
574,3->2,0.4162576577,0,hard
574,3->4,0.8256794881,0,hard
574,4->1,0.5213577101,1,hard
574,4->2,0.4152972269,0,hard
575,3->1,0.5221263930,0,easy
575,3->2,0.4162576577,0,easy
575,4->1,0.5213577101,0,easy
575,4->2,0.4152972269,0,easy
576,1->2,0.5076329795,0,hard
576,1->3,0.3958730261,1,hard
576,1->4,0.5705115220,0,hard
576,10->6,0.3089578811,0,hard
576,7->10,0.3913400355,0,hard
576,7->6,0.3186742518,0,hard
576,9->10,0.3262682421,0,hard
576,9->6,0.3122642388,0,hard
577,1->2,0.5076329795,0,hard
577,1->3,0.6966381991,0,hard
577,1->4,0.8305839950,0,hard
577,10->6,0.3089578811,0,hard
577,3->5,0.5021637074,0,hard
577,4->3,0.4601627536,0,hard
577,7->10,0.3913400355,1,hard
577,7->6,0.3186742518,0,hard
577,9->10,0.3262682421,1,hard
577,9->6,0.3122642388,0,hard
578,1->2,0.8256794881,1,med
578,3->1,0.4851533400,0,med
578,5->3,0.3659696715,0,med
578,5->4,0.4101394123,0,med
579,3->2,0.4150937562,0,easy
580,3->2,0.4150937562,0,med
581,1->5,0.4616869490,0,easy
581,2->5,0.4543591818,0,easy
581,5->3,0.4445905610,0,easy
581,5->4,0.4535507089,0,easy
582,1->5,0.4616869490,0,med
582,2->5,0.4543591818,0,med
582,5->3,0.4445905610,0,med
582,5->4,0.4535507089,0,med
583,1->3,0.3742128695,0,hard
583,3->6,0.8167213946,1,hard
583,5->6,0.4009471433,0,hard
584,5->6,0.7645202257,0,easy
584,7->6,0.6604027491,0,easy
584,9->8,0.3120601821,0,easy
585,5->6,0.5238770029,1,med
585,7->6,0.2948565885,1,med
585,9->8,0.3120601821,0,med
586,2->1,0.3371055235,0,hard
586,2->3,0.7191760708,1,hard
586,2->4,0.7191760708,1,hard
586,3->2,0.2917958389,0,hard
586,3->4,0.5375973145,1,hard
586,4->3,0.3025064167,0,hard
586,5->3,0.2993546194,0,hard
586,5->4,0.3050416608,0,hard
587,2->1,0.3371055235,0,hard
587,2->3,0.8347888828,1,hard
587,2->4,0.7421553307,1,hard
587,3->2,0.2917958389,0,hard
587,3->4,0.6097975006,1,hard
587,3->5,0.4274565554,0,hard
587,4->3,0.3025064167,0,hard
587,4->5,0.6701322233,1,hard
587,5->3,0.2993546194,0,hard
587,5->4,0.3050416608,0,hard
588,2->1,0.3371055235,0,hard
588,3->2,0.2917958389,0,hard
588,4->3,0.3025064167,0,hard
588,5->3,0.2993546194,0,hard
588,5->4,0.3050416608,0,hard
589,1->3,0.2848373852,0,hard
589,2->1,0.2636182551,0,hard
589,4->5,0.6039816919,0,hard
589,4->6,0.8039890859,1,hard
589,5->3,0.2988318068,0,hard
589,5->6,0.7191760708,0,hard
589,6->5,0.2781017359,0,hard
590,2->1,0.4365469800,1,med
590,2->3,0.6261955169,0,med
590,2->6,0.4665681104,0,med
590,5->2,0.3076605795,0,med
590,5->4,0.3208241681,0,med
590,5->6,0.4758165741,0,med
590,7->5,0.3074646235,0,med
591,2->1,0.3286729828,0,med
591,2->6,0.2516219207,0,med
591,4->5,0.2513696195,0,med
591,6->1,0.3399975028,1,med
592,3->2,0.4672007234,0,easy
593,2->1,0.4174001420,0,hard
593,4->1,0.7831045189,1,hard
593,4->2,0.3904397646,0,hard
593,4->3,0.3254969687,0,hard
593,5->1,0.3852788330,1,hard
593,5->2,0.3863348333,0,hard
593,5->4,0.3850941948,1,hard
594,2->1,0.4174001420,0,hard
594,4->1,0.3311729590,0,hard
594,4->2,0.3904397646,1,hard
594,4->3,0.3254969687,0,hard
594,5->1,0.3852788330,0,hard
594,5->2,0.3863348333,0,hard
594,5->4,0.3850941948,1,hard
595,3->1,0.7615289866,1,hard
595,3->2,0.8215124313,0,hard
595,3->5,0.8141933265,0,hard
595,4->1,0.6682734507,0,hard
595,4->2,0.7680154352,0,hard
595,4->3,0.7758282487,1,hard
595,4->5,0.8141933265,0,hard
595,5->1,0.7191927446,0,hard
595,5->2,0.3993770819,0,hard
595,5->3,0.2922986461,0,hard
595,5->4,0.2971542861,0,hard
596,3->1,0.3752902738,0,hard
596,3->2,0.8299170589,1,hard
596,4->1,0.3868385643,0,hard
596,4->2,0.8389454779,0,hard
596,4->3,0.7879730443,1,hard
596,5->1,0.3501719717,0,hard
596,5->2,0.3993770819,0,hard
596,5->3,0.2922986461,0,hard
596,5->4,0.2971542861,0,hard
597,3->1,0.3752902738,0,hard
597,3->2,0.5551516725,0,hard
597,4->1,0.3868385643,0,hard
597,4->2,0.5871593063,0,hard
597,4->3,0.7879730443,1,hard
597,5->1,0.3501719717,0,hard
597,5->2,0.3993770819,0,hard
597,5->3,0.2922986461,0,hard
597,5->4,0.2971542861,0,hard
598,3->5,0.3357113422,0,easy
598,3->8,0.2815212291,0,easy
598,4->3,0.2773848042,0,easy
598,7->6,0.2803772872,0,easy
598,8->7,0.2811008275,0,easy
599,3->5,0.3357113422,0,hard
599,3->8,0.2815212291,1,hard
599,4->3,0.2773848042,0,hard
599,7->6,0.2803772872,0,hard
599,8->7,0.2811008275,0,hard
600,3->2,0.4784357850,1,hard
600,4->1,0.3552641879,1,hard
600,4->3,0.7717693710,1,hard
600,4->5,0.4456252548,1,hard
600,4->6,0.3583200549,0,hard
601,4->1,0.7920461501,0,hard
601,4->3,0.3126425913,1,hard
601,4->5,0.4456252548,1,hard
601,4->6,0.3583200549,0,hard
602,4->1,0.3552641879,0,hard
602,4->3,0.7584674182,1,hard
602,4->5,0.4456252548,1,hard
602,4->6,0.3583200549,0,hard
603,4->1,0.3552641879,0,hard
603,4->3,0.3126425913,0,hard
603,4->5,0.4456252548,1,hard
603,4->6,0.7818705845,1,hard
604,2->1,0.4544332189,0,hard
604,2->5,0.6639338341,0,hard
604,5->1,0.3613067161,0,hard
604,5->4,0.3873760400,0,hard
605,2->1,0.4544332189,0,hard
605,2->4,0.7025737104,1,hard
605,2->5,0.6639338341,0,hard
605,5->1,0.3613067161,1,hard
605,5->4,0.3873760400,1,hard
606,2->1,0.8926866117,1,hard
606,2->7,0.4405134637,0,hard
606,3->1,0.6556407645,0,hard
607,2->1,0.6505933329,0,hard
607,2->7,0.4405134637,0,hard
607,3->1,0.6556407645,0,hard
607,8->6,0.4784357850,1,hard
608,2->1,0.6505933329,0,hard
608,2->7,0.8370067151,1,hard
608,3->1,0.6556407645,0,hard
609,2->1,0.6505933329,0,hard
609,2->4,0.8486364222,0,hard
609,2->7,0.4405134637,0,hard
609,3->1,0.6556407645,0,hard
609,4->8,0.5228297057,1,hard
610,1->2,0.4172580411,0,easy
610,1->3,0.8347888828,0,easy
610,3->1,0.4157534074,0,easy
611,1->2,0.4172580411,0,med
611,1->3,0.8256794881,1,med
611,3->1,0.4157534074,0,med
612,2->3,0.3322807516,1,hard
612,2->5,0.5665266773,0,hard
612,8->7,0.2915678474,0,hard
613,2->4,0.7763453817,1,hard
613,2->6,0.6788601461,1,hard
613,4->6,0.7763453817,1,hard
613,7->5,0.3711126783,0,hard
614,7->5,0.3711126783,0,hard
615,6->4,0.2779316892,0,easy
615,7->4,0.2792481145,0,easy
615,7->5,0.2818548526,0,easy
615,7->6,0.3827118584,0,easy
616,6->4,0.2779316892,0,med
616,7->4,0.2792481145,0,med
616,7->5,0.2818548526,0,med
616,7->6,0.3827118584,0,med
617,1->3,0.8432890430,1,med
617,4->3,0.8521305755,1,med
618,1->2,0.7191760708,1,hard
618,1->4,0.4516383843,1,hard
618,2->3,0.6474468268,0,hard
618,2->4,0.4516383843,1,hard
618,4->3,0.6474468268,1,hard
618,5->3,0.6982109904,1,hard
618,7->2,0.3103640296,0,hard
619,5->3,0.3054201561,0,hard
619,7->2,0.3103640296,0,hard
620,5->3,0.3054201561,0,hard
620,7->2,0.3103640296,0,hard
621,1->2,0.6984702861,1,hard
621,2->7,0.8589179837,1,hard
621,5->3,0.3054201561,0,hard
621,7->2,0.3103640296,0,hard
622,4->1,0.8441368269,1,med
622,9->5,0.2957274958,0,med
623,4->1,0.4304686121,0,easy
623,9->5,0.2957274958,0,easy
624,4->5,0.4481020543,0,med
624,7->3,0.3011720214,0,med
624,7->5,0.2720252047,0,med
624,8->1,0.7322219667,1,med
625,2->1,0.2407061431,0,med
625,5->4,0.2499508033,0,med
625,6->10,0.3032727978,0,med
625,6->8,0.3027632630,0,med
626,1->2,0.8141933265,1,hard
626,1->3,0.8141933265,1,hard
626,2->1,0.3654625254,0,hard
626,2->3,0.4516383843,1,hard
626,3->2,0.3680016662,0,hard
627,1->2,0.8486364222,1,hard
627,1->3,0.8486364222,1,hard
627,2->1,0.3654625254,0,hard
627,2->3,0.6861373279,1,hard
627,3->2,0.3680016662,0,hard
627,3->4,0.7580945734,1,hard
628,1->2,0.8486364222,1,hard
628,2->1,0.3654625254,0,hard
628,2->5,0.8486364222,1,hard
628,3->2,0.3680016662,0,hard
629,3->6,0.5488321394,0,easy
629,7->5,0.3078836434,0,easy
630,3->6,0.5488321394,1,med
630,7->5,0.3078836434,0,med
631,1->6,0.3035054875,0,easy
631,2->7,0.4012919035,0,easy
631,5->4,0.2914407145,0,easy
631,9->5,0.2926226848,0,easy
632,1->6,0.7538340932,0,hard
632,2->7,0.4012919035,1,hard
632,5->4,0.2914407145,0,hard
632,9->5,0.2926226848,0,hard
633,1->7,0.2965199115,0,easy
633,6->2,0.2203826694,0,easy
634,1->7,0.2965199115,0,hard
634,6->2,0.2203826694,0,hard
635,2->1,0.2782026087,0,hard
635,6->4,0.2768310012,0,hard
635,6->5,0.2781124863,0,hard
635,7->8,0.7988650515,1,hard
635,8->7,0.2774306390,0,hard
636,1->6,0.2204585488,0,hard
636,2->1,0.2045873424,1,hard
636,2->3,0.2159492643,0,hard
636,5->1,0.2088581913,0,hard
636,5->2,0.2294854382,0,hard
636,6->2,0.2122229392,0,hard
636,6->5,0.2049846380,0,hard
636,7->2,0.2034094173,0,hard
636,7->8,0.2253213243,1,hard
636,8->2,0.2081866030,0,hard
636,8->5,0.6044543148,1,hard
636,8->6,0.2070919037,0,hard
637,1->6,0.2204585488,0,hard
637,2->1,0.2045873424,0,hard
637,2->3,0.2159492643,0,hard
637,5->1,0.2088581913,0,hard
637,5->2,0.2294854382,0,hard
637,6->2,0.2122229392,0,hard
637,6->5,0.2049846380,0,hard
637,7->2,0.2034094173,0,hard
637,7->8,0.2253213243,1,hard
637,8->2,0.2081866030,0,hard
637,8->5,0.2091140932,0,hard
637,8->6,0.2070919037,0,hard
638,1->6,0.5986937579,0,hard
638,1->8,0.5361828869,0,hard
638,8->6,0.4565921249,0,hard
639,3->5,0.3749350919,0,easy
639,4->2,0.3670501690,0,easy
639,4->3,0.3689037615,0,easy
639,5->2,0.3685667546,0,easy
639,5->4,0.3693136071,0,easy
639,6->2,0.3686417766,0,easy
639,6->5,0.3847530839,0,easy
640,3->5,0.3749350919,0,med
640,4->2,0.3670501690,0,med
640,4->3,0.3689037615,0,med
640,5->2,0.3685667546,0,med
640,5->4,0.3693136071,0,med
640,6->2,0.3686417766,0,med
640,6->5,0.3847530839,0,med
640,7->4,0.7842255392,1,med
641,2->7,0.5228297057,1,hard
641,5->2,0.2640608123,0,hard
641,5->3,0.2702595177,0,hard
641,5->7,0.2765046464,0,hard
641,7->1,0.6479494456,1,hard
641,7->3,0.2696581954,0,hard
642,2->7,0.5238770029,1,hard
642,5->2,0.2640608123,0,hard
642,5->3,0.2702595177,0,hard
642,5->7,0.2765046464,0,hard
642,7->1,0.2772151799,0,hard
642,7->3,0.2696581954,0,hard
643,4->2,0.5615224337,1,hard
643,5->1,0.2119825179,0,hard
644,4->2,0.2124243712,1,hard
644,5->1,0.2119825179,0,hard
645,10->9,0.1595273245,0,hard
645,2->1,0.1943627840,1,hard
645,2->3,0.4632011712,0,hard
645,3->10,0.1768150062,0,hard
645,3->2,0.1587458104,0,hard
645,3->8,0.6788601461,0,hard
645,3->9,0.1958822204,0,hard
645,6->8,0.1598139757,0,hard
645,6->9,0.1653866175,0,hard
645,8->6,0.6788601461,0,hard
645,8->9,0.1660281090,0,hard
646,10->9,0.1595273245,0,hard
646,2->1,0.1943627840,1,hard
646,2->3,0.6788601461,1,hard
646,3->10,0.1768150062,0,hard
646,3->2,0.1587458104,0,hard
646,3->8,0.6788601461,1,hard
646,3->9,0.1958822204,0,hard
646,6->8,0.1598139757,1,hard
646,6->9,0.1653866175,0,hard
646,8->9,0.1660281090,0,hard
647,10->9,0.1595273245,0,hard
647,2->1,0.1943627840,1,hard
647,2->3,0.7763453817,1,hard
647,3->10,0.1768150062,0,hard
647,3->2,0.1587458104,0,hard
647,3->8,0.6788601461,1,hard
647,3->9,0.1958822204,1,hard
647,6->8,0.1598139757,1,hard
647,6->9,0.1653866175,0,hard
647,8->9,0.1660281090,1,hard
648,10->9,0.1595273245,0,hard
648,2->1,0.1943627840,1,hard
648,3->10,0.1768150062,1,hard
648,3->2,0.1587458104,0,hard
648,3->9,0.1958822204,1,hard
648,6->8,0.1598139757,1,hard
648,6->9,0.1653866175,0,hard
648,8->9,0.1660281090,1,hard
649,3->1,0.2640817646,0,easy
649,4->7,0.2862972598,0,easy
649,5->1,0.2636182551,0,easy
649,5->3,0.2767900166,0,easy
650,3->1,0.2640817646,0,hard
650,4->7,0.2862972598,0,hard
650,5->1,0.2636182551,0,hard
650,5->3,0.2767900166,1,hard
651,3->1,0.3077443387,0,hard
651,7->3,0.3074365703,0,hard
651,7->6,0.3542798696,0,hard
652,3->1,0.3077443387,0,hard
652,7->3,0.3074365703,0,hard
652,7->6,0.3542798696,0,hard
653,2->1,0.3921424557,0,easy
653,3->1,0.3937520530,0,easy
653,4->1,0.3935420151,0,easy
653,5->1,0.4022560807,0,easy
654,2->1,0.3921424557,0,hard
654,3->1,0.3937520530,0,hard
654,4->1,0.3935420151,0,hard
654,5->1,0.4022560807,0,hard
655,3->1,0.4537128768,0,med
655,4->1,0.4456432408,0,med
655,4->3,0.4445317709,0,med
656,3->2,0.2212694517,0,hard
656,4->3,0.5733768744,1,hard
657,3->2,0.2212694517,0,hard
658,3->2,0.2212694517,0,hard
659,3->2,0.2299209417,0,med
659,5->1,0.6892723823,1,med
659,6->3,0.3001330705,0,med
659,6->9,0.2357909128,0,med
659,7->5,0.2417988351,0,med
659,8->7,0.2305579379,0,med
660,3->2,0.2299209417,0,easy
660,5->1,0.2391192648,0,easy
660,6->3,0.3001330705,0,easy
660,6->9,0.2357909128,0,easy
660,7->5,0.2417988351,0,easy
660,8->7,0.2305579379,0,easy
661,1->3,0.3752931117,1,hard
661,5->1,0.3445514933,0,hard
661,7->2,0.3749425901,1,hard
662,1->3,0.7990721485,1,hard
662,5->1,0.3445514933,0,hard
662,7->2,0.3749425901,0,hard
663,1->3,0.3752931117,0,hard
663,1->5,0.5712672516,1,hard
663,5->1,0.3445514933,0,hard
663,7->2,0.3749425901,0,hard
664,7->6,0.2461924098,0,hard
664,7->8,0.7988650515,1,hard
664,7->9,0.2550640447,0,hard
664,9->1,0.2301019299,0,hard
664,9->5,0.2316074248,0,hard
664,9->6,0.2332544533,0,hard
665,6->8,0.7132530218,1,hard
665,7->6,0.2461924098,0,hard
665,7->8,0.7763453817,1,hard
665,7->9,0.2550640447,1,hard
665,9->1,0.2301019299,0,hard
665,9->5,0.2316074248,0,hard
665,9->6,0.2332544533,0,hard
666,3->2,0.3090123930,0,hard
666,3->4,0.8440529398,0,hard
666,4->2,0.3074926618,0,hard
666,4->5,0.3097429585,0,hard
666,6->8,0.5039477163,1,hard
666,7->6,0.3074926618,0,hard
667,4->2,0.2020911506,0,hard
667,5->4,0.1959161761,0,hard
667,8->10,0.7422628323,1,hard
667,9->4,0.1959525143,0,hard
668,7->6,0.3493552083,0,med
669,2->6,0.2549791762,0,easy
669,5->6,0.2412312707,0,easy
669,7->2,0.2401727395,0,easy
669,8->3,0.2451554502,0,easy
669,8->4,0.3397798657,0,easy
670,2->6,0.2549791762,0,med
670,5->6,0.2412312707,0,med
670,7->2,0.2401727395,0,med
670,8->3,0.2451554502,1,med
670,8->4,0.7863655305,0,med
671,4->1,0.2777046464,0,hard
671,4->3,0.3101081155,0,hard
671,4->5,0.6885111507,1,hard
671,8->7,0.2769469589,0,hard
672,1->4,0.7763453817,1,hard
672,5->1,0.2682981579,1,hard
672,7->6,0.2995416142,0,hard
672,8->5,0.2639348677,0,hard
673,5->1,0.2682981579,0,hard
673,7->6,0.7520835992,1,hard
673,8->5,0.2639348677,0,hard
674,1->4,0.3795198174,0,easy
674,5->4,0.3795875282,0,easy
675,1->4,0.8231121546,1,hard
675,5->4,0.7775266338,1,hard
676,2->4,0.3102887025,1,hard
677,2->4,0.3102887025,1,hard
678,3->2,0.2770163853,0,easy
678,4->7,0.2789392331,0,easy
678,5->7,0.3603801157,0,easy
679,2->3,0.8541143138,1,hard
679,3->2,0.2770163853,0,hard
679,4->7,0.2789392331,0,hard
679,5->7,0.3603801157,0,hard
680,2->10,0.4874896413,0,hard
680,2->5,0.4089399996,0,hard
680,2->6,0.3237822171,0,hard
680,2->7,0.3194749078,0,hard
680,8->1,0.7334315809,1,hard
680,8->2,0.3084647646,0,hard
680,9->1,0.7763453817,1,hard
680,9->8,0.7763453817,1,hard
681,10->5,0.7763453817,1,hard
681,2->10,0.4874896413,1,hard
681,2->5,0.4089399996,0,hard
681,2->6,0.3237822171,0,hard
681,2->7,0.3194749078,0,hard
681,8->1,0.3507596829,0,hard
681,8->2,0.3084647646,0,hard
682,10->7,0.6788601461,0,hard
682,2->10,0.4874896413,1,hard
682,2->5,0.4089399996,0,hard
682,2->6,0.3237822171,0,hard
682,2->7,0.6030306165,0,hard
682,8->1,0.3507596829,0,hard
682,8->2,0.3084647646,0,hard
682,8->7,0.3915684621,0,hard
682,9->7,0.6788601461,0,hard
683,2->10,0.4874896413,1,hard
683,2->5,0.4089399996,0,hard
683,2->6,0.3237822171,0,hard
683,2->7,0.3194749078,1,hard
683,8->1,0.3507596829,0,hard
683,8->2,0.3084647646,0,hard
683,9->8,0.6788601461,0,hard
684,2->10,0.4874896413,1,hard
684,2->5,0.4089399996,0,hard
684,2->6,0.3237822171,0,hard
684,2->7,0.3194749078,0,hard
684,8->1,0.3507596829,0,hard
684,8->2,0.3084647646,0,hard
684,9->10,0.5571979172,1,hard
685,2->1,0.2638296095,0,hard
685,6->4,0.2643531521,1,hard
685,9->7,0.8149153021,0,hard
686,2->1,0.2638296095,0,hard
686,6->4,0.2643531521,1,hard
686,9->7,0.3167345068,0,hard
687,6->7,0.2143807677,0,easy
688,6->7,0.7378978827,1,hard
688,7->8,0.8141933265,1,hard
689,1->2,0.8265115703,1,hard
689,5->1,0.3301819890,0,hard
689,6->1,0.7772801976,1,hard
689,6->4,0.3699067096,0,hard
689,6->5,0.4489189092,0,hard
690,1->2,0.4386469846,0,hard
690,5->1,0.3301819890,0,hard
690,6->1,0.4177600471,1,hard
690,6->4,0.7652163321,1,hard
690,6->5,0.4489189092,1,hard
691,1->2,0.4386469846,0,hard
691,1->5,0.6788601461,1,hard
691,5->1,0.3301819890,0,hard
691,6->1,0.4177600471,1,hard
691,6->4,0.3699067096,0,hard
691,6->5,0.8123590882,1,hard
692,5->7,0.3554617130,0,hard
692,6->3,0.5991445800,1,hard
693,4->1,0.3700732454,1,hard
693,4->3,0.3559000230,1,hard
693,4->5,0.3030183139,0,hard
693,6->5,0.2933867906,0,hard
694,3->1,0.3101081155,0,hard
694,3->2,0.3883624695,0,hard
694,4->1,0.3137874334,0,hard
694,4->2,0.3923726663,0,hard
694,4->3,0.3314217217,0,hard
694,6->7,0.7115580867,1,hard
695,4->3,0.3077164337,0,med
695,5->2,0.3075206852,0,med
695,6->1,0.7894957789,1,med
696,4->9,0.7839457538,1,hard
696,5->9,0.7584902016,1,hard
696,6->4,0.7947185538,1,hard
696,6->5,0.8069279113,1,hard
696,6->9,0.7438086503,1,hard
696,9->3,0.2430746923,0,hard
696,9->7,0.2421567056,0,hard
697,2->1,0.8128348872,1,hard
697,2->5,0.7486752055,1,hard
697,5->1,0.8319250447,1,hard
697,5->6,0.3186147979,0,hard
698,2->1,0.3366536911,1,hard
698,2->4,0.7369252678,1,hard
698,2->5,0.2993252696,1,hard
698,5->1,0.3973183099,1,hard
698,5->6,0.3186147979,0,hard
699,2->1,0.3366536911,0,hard
699,2->5,0.7855123504,1,hard
699,5->1,0.3973183099,0,hard
699,5->6,0.7930268515,1,hard
700,2->1,0.2209269730,0,easy
700,3->6,0.2805869665,0,easy
700,4->3,0.2206409808,0,easy
700,7->3,0.2205804098,0,easy
700,8->3,0.2203979286,0,easy
700,8->4,0.2209569140,0,easy
700,8->7,0.2246146791,0,easy
701,1->2,0.7369252678,1,med
701,2->1,0.2209269730,0,med
701,3->6,0.2805869665,0,med
701,4->3,0.2206409808,0,med
701,7->3,0.2205804098,0,med
701,8->3,0.2203979286,0,med
701,8->4,0.2209569140,0,med
701,8->7,0.2246146791,0,med
702,10->1,0.6787209589,1,hard
702,7->9,0.2877211821,0,hard
702,8->10,0.8422904788,1,hard
703,7->9,0.2877211821,0,hard
703,8->11,0.7988650515,1,hard
704,5->4,0.8922927087,1,hard
704,6->1,0.3723721931,0,hard
704,7->4,0.3790749061,1,hard
704,7->5,0.3718349305,0,hard
705,7->8,0.6923888034,1,hard
705,9->6,0.1643652775,0,hard
706,6->9,0.7369252678,1,hard
706,7->8,0.1773962119,0,hard
706,9->6,0.1643652775,0,hard
707,1->7,0.4045861190,0,easy
707,3->2,0.5389446655,0,easy
707,3->5,0.4770632464,0,easy
707,4->2,0.3952903732,0,easy
707,5->2,0.4219189553,0,easy
707,5->4,0.4050672767,0,easy
707,6->2,0.3935420151,0,easy
707,6->4,0.3978077917,0,easy
707,6->5,0.3906319797,0,easy
707,6->7,0.3903265508,0,easy
707,7->2,0.5654654318,0,easy
707,7->4,0.4139109534,0,easy
707,7->5,0.5372937044,0,easy
708,1->7,0.4045861190,0,med
708,3->2,0.8682650915,1,med
708,3->5,0.4770632464,0,med
708,4->2,0.3952903732,0,med
708,5->2,0.4219189553,0,med
708,5->4,0.4050672767,0,med
708,6->2,0.3935420151,0,med
708,6->4,0.3978077917,0,med
708,6->5,0.3906319797,0,med
708,6->7,0.3903265508,0,med
708,7->2,0.5654654318,0,med
708,7->4,0.4139109534,0,med
708,7->5,0.5372937044,0,med
709,1->4,0.4006817291,0,med
709,2->1,0.7729933726,1,med
709,4->1,0.8256794881,0,med
709,4->2,0.4196460066,0,med
709,7->3,0.3981273617,0,med
710,1->4,0.4006817291,0,easy
710,2->1,0.3905448296,0,easy
710,4->2,0.4196460066,0,easy
710,7->2,0.5200676703,0,easy
710,7->3,0.3981273617,0,easy
711,2->1,0.6096262334,1,hard
712,2->1,0.2848158203,0,hard
713,2->1,0.2848158203,0,hard
713,3->4,0.7988650515,0,hard
714,2->1,0.2848158203,0,hard
714,3->4,0.7988650515,1,hard
715,2->1,0.2848158203,0,hard
716,2->1,0.2848158203,0,hard
717,1->2,0.8542217136,1,med
717,6->3,0.5197773671,0,med
718,3->4,0.5822591523,0,hard
718,5->1,0.1899590650,0,hard
718,6->1,0.1922541658,0,hard
719,3->4,0.7369252678,1,hard
719,5->1,0.1899590650,0,hard
719,6->1,0.1922541658,0,hard
720,5->1,0.1899590650,1,hard
720,6->1,0.1922541658,0,hard
722,2->3,0.5099654434,1,med
723,2->3,0.3850335721,1,med
723,3->2,0.8256794881,0,med
724,2->1,0.5033566068,0,easy
724,3->1,0.4814316542,0,easy
724,3->2,0.4768149831,0,easy
725,2->1,0.5033566068,0,hard
725,3->1,0.4814316542,0,hard
725,3->2,0.4768149831,1,hard
726,2->1,0.7430724147,1,med
726,5->4,0.4824933044,0,med
727,2->1,0.4930708950,0,easy
727,5->4,0.4824933044,0,easy
728,2->1,0.4239795705,0,hard
728,3->2,0.4475519629,0,hard
728,3->4,0.4178037241,0,hard
728,3->5,0.4291733934,0,hard
728,4->1,0.4231412702,0,hard
728,4->2,0.4182478448,1,hard
728,5->1,0.4282004982,0,hard
728,5->2,0.4224371158,1,hard
728,5->4,0.4291733934,0,hard
728,6->2,0.4315655896,0,hard
728,6->5,0.4152972269,0,hard
729,2->1,0.4239795705,0,hard
729,3->2,0.4475519629,0,hard
729,3->4,0.4178037241,0,hard
729,3->5,0.4291733934,0,hard
729,4->1,0.4231412702,0,hard
729,4->2,0.4182478448,0,hard
729,5->1,0.4282004982,0,hard
729,5->2,0.4224371158,0,hard
729,5->4,0.4291733934,0,hard
729,6->2,0.4315655896,0,hard
729,6->5,0.4152972269,0,hard
730,4->3,0.3927815137,0,hard
730,5->3,0.3932470806,0,hard
730,7->3,0.3914122265,0,hard
730,7->5,0.3905884162,0,hard
731,1->2,0.3699057806,0,easy
731,4->3,0.3656580002,0,easy
732,1->2,0.3699057806,0,med
732,4->3,0.3656580002,0,med
733,3->2,0.4156015967,0,easy
733,4->3,0.4182478448,0,easy
733,6->3,0.4188367666,0,easy
733,6->4,0.4253152194,0,easy
733,8->3,0.4183462542,0,easy
733,8->4,0.4225783569,0,easy
733,8->6,0.4195677959,0,easy
734,3->2,0.4156015967,0,med
734,4->3,0.4182478448,0,med
734,6->3,0.4188367666,0,med
734,6->4,0.4253152194,0,med
734,8->3,0.4183462542,0,med
734,8->4,0.4225783569,0,med
734,8->6,0.4195677959,0,med
736,3->2,0.4230008480,0,med
737,2->3,0.8141933265,0,easy
737,3->2,0.4230008480,0,easy
738,2->1,0.8442560316,0,easy
738,3->1,0.7191760708,0,easy
739,2->1,0.5029058967,0,med
740,3->1,0.3974468705,1,med
740,3->2,0.3937939980,0,med
741,3->1,0.3974468705,0,easy
741,3->2,0.3937939980,0,easy
742,2->1,0.3183510712,0,easy
742,3->1,0.3223415441,0,easy
742,4->3,0.3134331283,0,easy
743,2->1,0.3183510712,0,med
743,3->1,0.3223415441,0,med
743,3->4,0.8347888828,1,med
743,4->3,0.3134331283,0,med
744,3->1,0.3765790978,0,easy
744,5->1,0.3511261241,0,easy
744,5->3,0.3199504271,0,easy
744,8->5,0.3146032004,0,easy
745,3->1,0.3765790978,0,hard
745,5->1,0.3511261241,0,hard
745,5->3,0.3199504271,0,hard
745,8->5,0.3146032004,0,hard
746,1->5,0.8256794881,0,easy
746,3->2,0.4027926544,0,easy
746,6->1,0.8256794881,0,easy
746,6->5,0.8256794881,0,easy
746,7->1,0.8256794881,0,easy
746,7->5,0.4246659855,0,easy
746,7->6,0.5483487113,0,easy
747,1->5,0.8422904788,1,med
747,3->2,0.4027926544,0,med
747,6->1,0.6787209589,0,med
747,6->5,0.7507376697,0,med
747,7->1,0.5647215204,0,med
747,7->5,0.4246659855,0,med
747,7->6,0.4732013841,0,med
748,2->1,0.2302981776,0,easy
748,4->2,0.2311029102,0,easy
748,4->3,0.2301019299,0,easy
749,2->1,0.2302981776,0,hard
749,4->2,0.2311029102,0,hard
749,4->3,0.2301019299,1,hard
750,3->1,0.7025737104,0,easy
750,3->2,0.2930924248,0,easy
750,5->3,0.2950934564,0,easy
750,7->6,0.3158968706,0,easy
750,8->3,0.2954701423,0,easy
751,3->1,0.7025737104,0,med
751,3->2,0.2930924248,0,med
751,5->3,0.2950934564,0,med
751,7->6,0.3158968706,0,med
751,8->3,0.2954701423,0,med
753,1->2,0.3707802668,0,easy
755,2->1,0.3556331122,0,med
755,3->1,0.3585227310,0,med
755,3->2,0.3598436565,0,med
756,3->1,0.5461846534,0,med
757,3->1,0.5461846534,0,easy
759,5->4,0.4672007234,0,easy
760,1->2,0.5211775470,0,med
760,2->1,0.3915684621,0,med
760,3->1,0.4934351165,1,med
760,3->2,0.5133348093,0,med
760,3->4,0.6696431443,0,med
760,4->1,0.4778483840,0,med
760,4->2,0.4948818807,0,med
761,1->2,0.5211775470,0,easy
761,3->1,0.4934351165,0,easy
761,3->2,0.5133348093,0,easy
761,3->4,0.6696431443,0,easy
761,4->1,0.4778483840,0,easy
761,4->2,0.4948818807,0,easy
762,1->4,0.4789508458,0,med
762,2->1,0.4612330592,0,med
762,2->4,0.4789508458,0,med
763,1->4,0.4789508458,0,easy
763,2->1,0.4612330592,0,easy
763,2->4,0.4789508458,0,easy
764,2->1,0.7122104139,0,easy
764,3->1,0.5826578274,0,easy
764,3->2,0.6136103167,0,easy
765,2->1,0.5130728743,0,med
765,3->1,0.5826578274,0,med
765,3->2,0.6136103167,1,med
768,1->2,0.5215242299,0,easy
768,2->1,0.5375973145,0,easy
769,1->2,0.5215242299,1,med
771,2->3,0.7025737104,1,med
772,1->2,0.7318904591,1,med
772,1->3,0.8747648756,0,med
772,2->3,0.5483487113,0,med
773,3->2,0.5197826328,0,easy
773,4->3,0.4765379270,0,easy
774,1->2,0.8773928294,1,med
774,4->1,0.4442962829,0,med
775,1->3,0.3277212963,0,easy
775,1->4,0.2789132710,0,easy
775,4->3,0.2657437986,0,easy
776,1->3,0.7530658268,1,hard
776,1->4,0.7309320010,1,hard
776,3->4,0.7421553307,1,hard
776,4->3,0.2657437986,0,hard
777,4->1,0.3284713538,0,easy
778,1->4,0.8256794881,0,med
778,4->1,0.7966986215,0,med
780,3->2,0.5170252260,0,med
781,2->1,0.4473176144,1,med
781,3->1,0.7281983054,0,med
781,3->2,0.4897656134,0,med
782,1->2,0.6599445582,0,easy
782,2->1,0.4473176144,0,easy
782,3->1,0.8410626005,0,easy
782,3->2,0.7354036051,0,easy
783,3->2,0.6955943895,1,med
783,4->1,0.4221540124,0,med
783,4->3,0.4165589008,0,med
784,4->3,0.6585187869,0,easy
785,2->1,0.5483487113,0,easy
785,4->2,0.4601627536,0,easy
785,8->6,0.3734004285,0,easy
786,8->6,0.3734004285,0,med
787,10->2,0.2551798721,0,hard
787,3->1,0.2535071300,0,hard
787,3->2,0.2526893742,0,hard
787,4->2,0.2541994268,1,hard
787,5->2,0.2609950549,0,hard
788,10->2,0.2551798721,0,hard
788,2->8,0.6485355334,0,hard
788,3->1,0.2535071300,0,hard
788,3->2,0.2526893742,0,hard
788,4->2,0.2541994268,1,hard
788,5->2,0.2609950549,0,hard
789,11->2,0.6313153022,0,hard
789,11->5,0.3502826025,0,hard
789,12->4,0.3453766425,0,hard
789,12->6,0.3574952590,0,hard
789,2->3,0.5238770029,1,hard
789,6->4,0.3452398377,0,hard
789,8->1,0.3491940378,0,hard
789,8->11,0.5238770029,0,hard
789,8->2,0.6719823380,0,hard
789,8->3,0.4407973418,0,hard
790,11->5,0.3502826025,0,hard
790,12->4,0.3453766425,0,hard
790,12->6,0.6273340144,1,hard
790,4->12,0.6703999856,1,hard
790,6->4,0.3452398377,0,hard
790,8->1,0.3491940378,0,hard
791,11->2,0.6313153022,0,hard
791,11->5,0.3502826025,1,hard
791,12->4,0.3453766425,0,hard
791,12->6,0.3574952590,0,hard
791,2->3,0.6313153022,0,hard
791,6->4,0.3452398377,0,hard
791,8->1,0.3491940378,0,hard
791,8->11,0.6313153022,0,hard
791,8->2,0.6313153022,0,hard
791,8->3,0.7025737104,0,hard
804,3->1,0.5126150504,0,hard
804,3->2,0.5349473953,0,hard
805,2->1,0.4763991625,0,easy
806,1->2,0.8141933265,1,med
806,2->1,0.4763991625,0,med
807,2->1,0.4800242976,0,easy
808,1->2,0.7191760708,1,med
808,2->1,0.4800242976,0,med
810,1->4,0.4730967001,1,med
810,2->1,0.4449426172,0,med
810,3->2,0.4456432408,0,med
810,4->2,0.4455267909,0,med
810,4->3,0.4881850797,0,med
811,4->5,0.3458960517,0,easy
811,5->1,0.3252806573,0,easy
812,3->4,0.7658482695,1,hard
812,4->5,0.7556983559,1,hard
812,5->1,0.3252806573,0,hard
813,2->3,0.6201240159,0,easy
813,2->4,0.3932892774,0,easy
813,3->4,0.3949187387,0,easy
814,2->3,0.9063589215,1,hard
814,2->4,0.6712719463,0,hard
814,3->4,0.6916149972,1,hard
815,2->1,0.6060321336,0,easy
816,2->1,0.6060321336,0,hard
817,3->2,0.4414956945,0,easy
818,3->2,0.4414956945,1,med
819,3->1,0.4770914119,0,hard
820,3->1,0.4770914119,0,hard
821,3->1,0.4770914119,0,hard
822,4->3,0.4466855955,0,easy
823,2->4,0.3008947830,1,med
823,3->4,0.5048362223,1,med
823,4->3,0.4466855955,0,med
825,2->6,0.4783109693,0,easy
826,2->6,0.4783109693,0,med
826,3->5,0.7507376697,1,med
826,4->5,0.8422904788,1,med
827,2->1,0.3442393529,0,hard
827,2->3,0.7012375489,1,hard
827,5->7,0.3742613608,0,hard
827,6->5,0.3443088470,0,hard
827,7->4,0.3452398377,0,hard
827,8->2,0.3441697844,0,hard
827,8->7,0.3547139486,0,hard
828,2->1,0.3442393529,0,hard
828,5->7,0.3742613608,0,hard
828,6->5,0.3443088470,0,hard
828,7->4,0.3452398377,0,hard
828,8->2,0.3441697844,0,hard
828,8->7,0.3547139486,0,hard
829,2->1,0.3442393529,0,hard
829,5->7,0.3742613608,0,hard
829,6->5,0.3443088470,0,hard
829,7->4,0.3452398377,0,hard
829,8->2,0.3441697844,0,hard
829,8->7,0.3547139486,0,hard
830,2->1,0.3442393529,0,hard
830,5->7,0.3742613608,0,hard
830,6->5,0.3443088470,0,hard
830,7->4,0.3452398377,0,hard
830,8->2,0.3441697844,0,hard
830,8->7,0.3547139486,0,hard
831,2->1,0.3442393529,0,hard
831,5->7,0.3742613608,0,hard
831,6->5,0.3443088470,0,hard
831,7->4,0.3452398377,0,hard
831,8->2,0.3441697844,0,hard
831,8->7,0.3547139486,0,hard
832,1->6,0.3667430775,0,easy
832,2->5,0.3815322184,0,easy
832,4->2,0.3673178265,0,easy
832,5->4,0.3965535824,0,easy
832,6->2,0.3667815342,0,easy
832,6->3,0.4360729833,0,easy
833,1->6,0.3667430775,0,hard
833,2->5,0.3815322184,0,hard
833,4->2,0.3673178265,0,hard
833,5->4,0.3965535824,0,hard
833,6->2,0.3667815342,0,hard
833,6->3,0.4360729833,0,hard
834,3->2,0.1753215377,0,hard
834,4->8,0.1786235322,0,hard
834,4->9,0.1850611524,0,hard
834,5->4,0.1808211439,0,hard
834,5->8,0.1779493866,0,hard
834,5->9,0.1828911086,0,hard
834,6->4,0.1873594425,0,hard
834,6->5,0.1839861187,0,hard
834,7->4,0.1862618202,0,hard
834,7->5,0.1777347760,0,hard
834,7->6,0.1788549814,0,hard
834,8->3,0.1839583891,0,hard
834,8->6,0.1761267787,0,hard
834,8->7,0.1768813476,0,hard
834,9->3,0.1843510625,1,hard
834,9->6,0.1763301923,0,hard
834,9->7,0.1771882870,0,hard
834,9->8,0.1925366675,0,hard
835,3->2,0.1753215377,0,hard
835,4->8,0.1786235322,0,hard
835,4->9,0.1850611524,0,hard
835,5->4,0.1808211439,1,hard
835,5->8,0.1779493866,0,hard
835,5->9,0.1828911086,0,hard
835,6->4,0.1873594425,1,hard
835,6->5,0.1839861187,0,hard
835,7->4,0.1862618202,0,hard
835,7->5,0.1777347760,0,hard
835,7->6,0.1788549814,0,hard
835,8->3,0.1839583891,0,hard
835,8->6,0.1761267787,0,hard
835,8->7,0.1768813476,0,hard
835,9->3,0.1843510625,0,hard
835,9->6,0.1763301923,0,hard
835,9->7,0.1771882870,0,hard
835,9->8,0.1925366675,0,hard
836,3->2,0.1753215377,0,hard
836,4->8,0.1786235322,0,hard
836,4->9,0.1850611524,0,hard
836,5->4,0.1808211439,1,hard
836,5->8,0.1779493866,0,hard
836,5->9,0.1828911086,0,hard
836,6->4,0.1873594425,1,hard
836,6->5,0.1839861187,0,hard
836,7->4,0.1862618202,0,hard
836,7->5,0.1777347760,0,hard
836,7->6,0.1788549814,0,hard
836,8->3,0.1839583891,0,hard
836,8->6,0.1761267787,0,hard
836,8->7,0.1768813476,0,hard
836,9->3,0.1843510625,0,hard
836,9->6,0.1763301923,0,hard
836,9->7,0.1771882870,0,hard
836,9->8,0.1925366675,0,hard
837,3->2,0.1753215377,0,hard
837,4->8,0.1786235322,0,hard
837,4->9,0.1850611524,0,hard
837,5->4,0.1808211439,1,hard
837,5->8,0.1779493866,0,hard
837,5->9,0.1828911086,0,hard
837,6->4,0.1873594425,1,hard
837,6->5,0.1839861187,0,hard
837,7->4,0.1862618202,0,hard
837,7->5,0.1777347760,0,hard
837,7->6,0.1788549814,0,hard
837,8->3,0.1839583891,0,hard
837,8->6,0.1761267787,0,hard
837,8->7,0.1768813476,0,hard
837,9->3,0.1843510625,0,hard
837,9->6,0.1763301923,0,hard
837,9->7,0.1771882870,0,hard
837,9->8,0.1925366675,0,hard
